day,path,sha256,event_count,anomaly_count,confirmed_count,failure_count,first_uid,last_uid
2017-02-09,data/events/2017/02/2017-02-09.jsonl.gz,26451d2ead8ff4f6af5346a849000625b60e401f0d58ff37382138421d03420b,1,1,0,0,0120170209906b8ffcaa2fdc198c23fd7b003d0b,0120170209906b8ffcaa2fdc198c23fd7b003d0b
2017-02-10,data/events/2017/02/2017-02-10.jsonl.gz,fb90d8b51144174bd67fb1a3c80a5cde3ca2305fae5e7cf748571bf85ea4bbb3,12,12,0,4,012017021003a7df618f482a6283a58eb0c41d5e,0120170210d432eebf090f0161ccf83f08466493
2017-02-11,data/events/2017/02/2017-02-11.jsonl.gz,b489763c5c5db2a4c487f43c63a5207123a9f24cafae8641bc515394a75dbdc8,12,12,0,2,012017021108510501864fc4f47085923daa143f,0120170211f1c94a5e66f8ed23c5d293b9e79634
2017-02-12,data/events/2017/02/2017-02-12.jsonl.gz,0e53121c5693df91da013a355e225d6beadfc3d2b9ee0a4df92b8d6788184687,13,13,0,1,01201702120f78de1f074887f70ed6643f9ecb4f,0120170212fdb966b1cfe3ac0e0c71c0b90f3fed
2017-02-13,data/events/2017/02/2017-02-13.jsonl.gz,1637d1a86df06fd0a96a01c18e21efa0d932ef6865f44e2d06ce372dbabbf27b,61,61,0,19,012017021300b1b6196fcfae1ad4f649d4fa2f76,0120170213ff846b4a8c30a4093c02697d809072
2017-02-14,data/events/2017/02/2017-02-14.jsonl.gz,c3763ab3d83df52d34dee9771434d364b2426ff4d11fc7a065fc575248cc7958,23,23,0,5,01201702140be60d1ce71f06f7b8c08991139cca,0120170214eea98f7f3e6041787033a05bad420c
2017-02-15,data/events/2017/02/2017-02-15.jsonl.gz,30f0955966e4cc5c424ca9e60ab604d53ac29e795689bdf179d2c3d1fbc222f1,23,23,0,4,012017021514b5722f0af65afbe85f86442ba87a,0120170215fd47686114c72af3cd693c647b5e65
2017-02-16,data/events/2017/02/2017-02-16.jsonl.gz,80dfdded8b1c16b6411ba14709932cc2df9439c22ea0931a9f5bf6ea63f9ef11,4,4,0,0,01201702162196447db3643ce5e8e531b1ef9e03,0120170216d000a46025a013c3bf1db719daca7b
2017-02-17,data/events/2017/02/2017-02-17.jsonl.gz,176ed71f2d8cf4371d4d8739cc85181e3793ac2d401ec332f214593649934bb5,8,8,0,2,012017021703a99c236ed55aa3d1e4d4b5f2949d,0120170217fff7f2d229e32b21a46f5a10d7613a
2017-02-18,data/events/2017/02/2017-02-18.jsonl.gz,bf6c6f95b6d894a40a88c63cd4cfa1ea98790754f072ffe4c7b50361ee979581,4,4,0,0,0120170218011c51051a33bbee9c2d7eeef81183,0120170218acda5560a72ae2e893a1b942bc401a
2017-02-19,data/events/2017/02/2017-02-19.jsonl.gz,8504842149f44ebf11a1223a2c2d304009ad0e17d6b945c1029d429ecbede91b,5,5,0,0,012017021947eea9c760e0abfd708a608918986d,0120170220c6f3dfdb633c0ab90ff209fba833ca
2017-02-20,data/events/2017/02/2017-02-20.jsonl.gz,ba275020789fc45d45f9fe6ba8803e058f2aa93e988cd782ba3531fce164ae10,9,9,0,1,0120170220065f126bae74d11e5b18a3152731aa,0120170220fed987b30702dc78680e9a58aec54b
2017-02-21,data/events/2017/02/2017-02-21.jsonl.gz,ef04c7eadfba926b261c819209a936f7d9290a6821cfbfac2354a37b4f0f8294,6,6,0,1,0120170221281d86085545f018218f017fb84257,0120170221f8c94eeb51dc12f067889486c45fdc
2017-02-22,data/events/2017/02/2017-02-22.jsonl.gz,3a73f5e6166ba8293d8de9d2c026317fd78f06a539a827fc665e9460cdfe2c24,2,2,0,1,01201702222c9abce4f6e1c0df473d6222297dac,012017022296dbe0a0646aa2e909960bdf184e4b
2017-02-24,data/events/2017/02/2017-02-24.jsonl.gz,cadfebe3b24157e3afbc0396ae043e3be43a48efafca699e756ad9b0478ff48a,7,7,0,2,012017022405cd97eda13eb05beaa89bfa254476,0120170224e7d7dcd10c990cce59439486a2fe38
2017-02-25,data/events/2017/02/2017-02-25.jsonl.gz,2dc22799155d77a2d7c2c7cc8a04bc460c281cc8c7b499886ed0ec1680c4ee96,6,6,0,0,0120170225104c4aba4dc8d3d62eadb53d1c707a,01201702265280cb8166258e3c7d46fb1db0610f
2017-02-26,data/events/2017/02/2017-02-26.jsonl.gz,a1bd9e44c081dfd147ae00fa9c18f94eeaa551c9d07795af413d332062eb03b9,7,7,0,2,01201702261667c1d3f101d3a08a57d4eb955925,0120170226cce7f9a14f4ac7ecaf9bb5a05bf2bb
2017-03-01,data/events/2017/03/2017-03-01.jsonl.gz,2e06277ad1a14e2731c2b082d5f958aa2e6570fe7bf9f670c8ff9d9378617c4f,1,1,0,0,01201703011be15ff9de06ddb5237ddc41fe903b,01201703011be15ff9de06ddb5237ddc41fe903b
2017-03-02,data/events/2017/03/2017-03-02.jsonl.gz,549fe656d5b5d3364ca4c52713504792338c8d1c37df3bf848d74bdefbf6568d,4,4,0,0,01201703020797e3140ef0cadfb372efbe7bc331,0120170302e1a206377ce3c66f487ffd1293808d
2017-03-03,data/events/2017/03/2017-03-03.jsonl.gz,f9433f3af4ff6603c285544bb8dfcf8aebfd69d4f68e954cda0f93284e0e82d0,1,1,0,1,0120170303a6103fd92ba8688d90a488cc6daacc,0120170303a6103fd92ba8688d90a488cc6daacc
2017-03-04,data/events/2017/03/2017-03-04.jsonl.gz,9019de81e5876d64febf2fe6c64534da3b50711bf96da2d074d401f59ba522d2,7,7,0,1,012017030407dcac297fa11487d3aebe7a78418e,0120170304fdcf31098657cffa85e9485fbd2c07
2017-03-07,data/events/2017/03/2017-03-07.jsonl.gz,b0b70b198b21c68eaff5627635ea3f0277d7d30149266cb371cc17328172cc44,1,1,0,0,01201703073112932634c494ca651db29ad3ee73,01201703073112932634c494ca651db29ad3ee73
2017-03-09,data/events/2017/03/2017-03-09.jsonl.gz,ff3baa18c6582e5b60d8447b8b78e07746b19b79727b7e4b9dab97e8e7cf4c47,3,3,0,1,01201703090b94e072694423c07b3de5cd5bc2a5,0120170309ec6893f868fbd12e1c03279e26fea9
2017-03-10,data/events/2017/03/2017-03-10.jsonl.gz,a930a4d8c809eca66983bc0877933340a5af5a90c6bd283b47c3d1181119eb60,1,1,0,0,012017031009fbff2171723b9d7f31208ad765b6,012017031009fbff2171723b9d7f31208ad765b6
2017-03-11,data/events/2017/03/2017-03-11.jsonl.gz,8ad38c16f08c7d62a54c47bcbb7111d7dd5ab109090c5c1dd9b8a53ba07fc052,2,2,0,0,01201703124c2f25eab261e276e1a9727bca33e0,0120170312b49074ffbe26288482f75fbebd150f
2017-03-12,data/events/2017/03/2017-03-12.jsonl.gz,53ea6c4422ad373215b58b53eae1a4ef5330ebf8a6ea8af4d38681a9a9015066,4,4,0,0,012017031214504416a9622ad36acaaba9c70921,012017031253e576885d6054f0dd1e016f93ab8f
2017-03-13,data/events/2017/03/2017-03-13.jsonl.gz,5b5d4f1bc33eeb7b484debf7e72fb94ddbbe6af4cbbf6ac396b7b59b89031158,4,4,0,2,01201703131d5f718c2bc5faffe279cae51f9a54,01201703135dca088ee84c4e766779467cb6edca
2017-03-14,data/events/2017/03/2017-03-14.jsonl.gz,64bda437bcc7f8e0435d838bad167ca60d7bf313f5195061e1ecc8ee8b5c10ab,1,1,0,0,012017031422689d5c25f8725ba2f580f93c7a16,012017031422689d5c25f8725ba2f580f93c7a16
2017-03-15,data/events/2017/03/2017-03-15.jsonl.gz,bda8e3a7b1797fa2149c14df5143df25dabb1b3f7e1595ace7e483daf651c8e7,7,7,0,0,01201703155f79a4e8f12fcd0ae3838fe89a6ead,0120170316e0940940625bd014125ad4d50b649a
2017-03-24,data/events/2017/03/2017-03-24.jsonl.gz,5f610285e591740aef1c1c1bdf5761e172013a1d81a60e9e4a1eb5028ad45de6,2,2,0,0,01201703246826604cc34a0df0cf344fb86c08e6,0120170324699818d2ee850c56dde1938d046c91
2017-03-26,data/events/2017/03/2017-03-26.jsonl.gz,5ddab1b1ca03ee0a87dad2623ee45c721661377348990ec4b8150c5c076347c7,2,2,0,0,01201703260b4582bc98bacaab753eb0fa6b88d4,01201703262761962587d4b7f1248684011ede30
2017-04-20,data/events/2017/04/2017-04-20.jsonl.gz,4ab325fed97cbfdc0a0bfe0378285b38b7d3e496a46e08e0e8f15673b3b40e0e,4,4,0,0,01201704202095875bae9701cfc849e7febd7b00,0120170420f53dec774b423e581d9cfccad30fc3
2017-04-21,data/events/2017/04/2017-04-21.jsonl.gz,055df3ab5574ff3455c1a64297d90991277734190408095c2b6f23021ab28b18,6,6,0,0,01201704215097cf559502475ff0a01b4ee75860,0120170421d520fbfa262b811d94e80041200fd2
2017-04-23,data/events/2017/04/2017-04-23.jsonl.gz,d94829e99d2dd88f1ee2154be77ecaaba12d42ccaee9792f6c7287e9c0e2865c,2,2,0,0,012017042319a346015e9c3b7257325dc8b6e37c,0120170423ab994f5550483a6d749d91f6758e97
2017-04-26,data/events/2017/04/2017-04-26.jsonl.gz,53c4aa20ed7d73be90e9a74027cac31ea348aeae7168b82a219c3d62ff320164,1,1,0,0,01201704268d92ae0aa58ceb72b54510e85a3b0e,01201704268d92ae0aa58ceb72b54510e85a3b0e
2017-05-02,data/events/2017/05/2017-05-02.jsonl.gz,2fd2d1b028eb1762bf857ee8b714597d5b391aef856560cabe35a7bbda009bb6,1,1,0,0,0120170502ff17db28bef833183ed46a5194c18b,0120170502ff17db28bef833183ed46a5194c18b
2017-05-03,data/events/2017/05/2017-05-03.jsonl.gz,7f867888dee87573ea4effca67100d1761d365e3351fbb299173fb2e53db322b,1,1,0,0,012017050304ba0d99df3ec41ab01589d38f3c8e,012017050304ba0d99df3ec41ab01589d38f3c8e
2017-05-08,data/events/2017/05/2017-05-08.jsonl.gz,ecff78443aa4754125ec4deb39e2c1cce988291f0f5013a1039014947b7d20eb,2,2,0,0,01201705084172a820b99dadc273401324d5cc28,0120170508c0e3c436d5f88e001fc360e5fe77fa
2017-05-11,data/events/2017/05/2017-05-11.jsonl.gz,77d5059b602699a694f96b97646d65c299906959741dcca1dc56d38308f7968a,1,1,0,0,0120170511370cdc97f2d874c21052ab250bd2f0,0120170511370cdc97f2d874c21052ab250bd2f0
2017-06-09,data/events/2017/06/2017-06-09.jsonl.gz,62320ac5a6d4cd4bde97045f36043cba712cfce540c3056da5b840d69cc566c4,1,1,0,0,01201706107957a25a7476d4ac6975f381fd31bf,01201706107957a25a7476d4ac6975f381fd31bf
2017-06-12,data/events/2017/06/2017-06-12.jsonl.gz,5a4ea89d911eedea5f7fc6f4dcfa5cef22e2fa83ab09138c0a3eec9f2ceed88b,2,2,0,0,012017061230e51e7e5e579eb58d5a52358fa6de,01201706125a25e14f77f346d92bd0b7102e5e3c
2017-06-28,data/events/2017/06/2017-06-28.jsonl.gz,f85e100716d20570836d50d1b3c54bc510c4de4de13fe8b93bc4cc8ff2bc75ec,3,3,0,0,012017062827fe62150da9db2083e952cd54a5cc,0120170628f915ab0f3cf0f0a53f25f66430a452
2017-07-20,data/events/2017/07/2017-07-20.jsonl.gz,2ea8a7898569cc6f844e1e7082d45383c1d38cec2283fd01581168da78343ca3,2,2,0,0,012017072076a792fe46903ecdccb5d60f653c2e,0120170720ca2e13de0a90a7e112b83327f8cc7b
2017-07-23,data/events/2017/07/2017-07-23.jsonl.gz,e6247df3f31b5c2e280f66a276818db41be16ee383af19186721ce612939686e,4,4,0,0,012017072321cda18e4e8db3cd4c47ba050a14e1,0120170723d02fcf8e6c554a4cd912809a71df62
2017-07-29,data/events/2017/07/2017-07-29.jsonl.gz,e38179375fd09f4c342dfc8d1b50b97c596167adfaef67b64b96680c6b84500c,4,4,0,0,01201707296571b57014f754ea300737fbd0f80f,0120170729be14438a4a7a36ad4b7bf7e84740e5
2017-08-05,data/events/2017/08/2017-08-05.jsonl.gz,c5e55c7741b827c55dab722d9ec1e08940c7c5b67242ed8d97d8c08070553360,2,2,0,0,01201708053075ebd8cc6810ccfe0867e5a79bf8,0120170805c25ad71ee629ab32447a3a330c41f5
2017-08-06,data/events/2017/08/2017-08-06.jsonl.gz,9763733b6509b1628b921cd02ddb7d7e56da514655a5cc98b7c67bf03fc14f7a,3,3,0,0,01201708072073e5a667d5c05e54b7c90d3427a3,0120170807f72ad5bc381b88b6e257f2de21bef0
2017-08-10,data/events/2017/08/2017-08-10.jsonl.gz,516f9cb53976f8b10e402ff8d20b329a53b64301666324ee709cbe71198ca001,1,1,0,0,012017081144ff2f3b547cdd186215ace3632561,012017081144ff2f3b547cdd186215ace3632561
2017-08-13,data/events/2017/08/2017-08-13.jsonl.gz,506707d19249416aadc09fc913567456f69214f88258be99e0d0ca09f21b0495,3,3,0,0,01201708145f468656692b4296d16cf3421f0959,0120170814cba090bc62423ac39fc20563d942dc
2017-08-14,data/events/2017/08/2017-08-14.jsonl.gz,8d5a986427cf7afd14b8ceafaabb8a728491164a2d84926c513ff9e7324e8f58,7,7,0,0,01201708140c5b66d0240aa60928084bce723ccf,0120170814fe5263b51e4be8d8f6dc5e7ee46813
2017-08-15,data/events/2017/08/2017-08-15.jsonl.gz,8b2b4197aa9712e4d912485b16319c03931a8c5992a4ad4cd38d8a6a95392386,3,3,0,0,012017081541e00d8ad058a061d24ea597fdfaab,0120170815cb78d88815a53f806775aca75db5d5
2017-08-16,data/events/2017/08/2017-08-16.jsonl.gz,1607180706878a05e52c06844fd7d3c1bb4c158c35faa35797bd409c8521e44a,4,4,0,0,01201708160ca68f2f56bc7f497de2f734c4c6ee,0120170816af1e1259f565345d39e875e2d9cf15
2017-08-18,data/events/2017/08/2017-08-18.jsonl.gz,12476ee2f695fc3017d36015c1d261144c1c358358fec30d5eaea131be1cfa36,1,1,0,0,012017081884d044f64467563284d07a4f8f539f,012017081884d044f64467563284d07a4f8f539f
2017-08-19,data/events/2017/08/2017-08-19.jsonl.gz,eb0dbed9a8b6ff16ff07422ac28fc1a1d08db79dc036fe58166df0c0aed5e95c,2,2,0,0,01201708193e8260f73c72f9ba3f8461cc21d00a,012017081967364077ed720f17454ad1d5d579c2
2017-08-20,data/events/2017/08/2017-08-20.jsonl.gz,f53bc9d3006b855d41e40f8934062be3f42233419537e4d29c5f43261e1d9e00,1,1,0,0,0120170820ae7e1177df184eee6ffe1680c13d40,0120170820ae7e1177df184eee6ffe1680c13d40
2017-08-21,data/events/2017/08/2017-08-21.jsonl.gz,a88fc45e185080e39d22ee1cf07b9551bcc3ad2732fb997b36d276ac627bdb99,1,1,0,0,0120170821ea0fd1573f170915ff06e4a284c2db,0120170821ea0fd1573f170915ff06e4a284c2db
2017-08-23,data/events/2017/08/2017-08-23.jsonl.gz,52be95cafabd07cb515f6364b3343f900a7f7433232dcb59de18f764fb31d2c8,6,6,0,0,012017082367013d78ded66452cf598fb84fd336,0120170823d7ab1a6c6d5837c4fc5492e0c9f535
2017-08-26,data/events/2017/08/2017-08-26.jsonl.gz,4573639809b1bfe04bad15ee2cbeef77e6475a428c107a07f3bf0fe87165d32f,1,1,0,0,01201708266db5cea14224d6763e6ddac1b586fc,01201708266db5cea14224d6763e6ddac1b586fc
2017-09-04,data/events/2017/09/2017-09-04.jsonl.gz,33d70fba6c06f69ba8a96a58506a892cbf60fca96121624a809db3fb094b97fa,5,5,0,0,012017090428f85b054c9d4e3056c2079ee553bc,0120170904e43f095d75d52bc09965be99ebfc63
2017-09-16,data/events/2017/09/2017-09-16.jsonl.gz,1e96296c04d719982404c668732f2f05a48f56d9d4b03a040e2ca93a2b2b5317,5,5,0,0,012017091643af49664307f5b6436489cf5d23b4,0120170916d7d2a8d271ecff2c2eb0b0ab152f2c
2017-09-23,data/events/2017/09/2017-09-23.jsonl.gz,54328a533b8ac603e7e917309f4f65159dd57c0663d2871aaa582bafcd715947,2,2,0,0,0120170923233f877effac629daeff5985c55bd7,0120170923ae0435904547b1548f9ebf1da8b228
2017-09-24,data/events/2017/09/2017-09-24.jsonl.gz,a6b564953db235ae70334a476c69993dd5d0b850efe000a489f0bfcbc3afeaa8,3,3,0,0,012017092453a2e52b23eadffab589262c27d23e,0120170924de76117401f3d484761199be8210ee
2017-09-25,data/events/2017/09/2017-09-25.jsonl.gz,29037e5be20d3ef9ca9dddfed170add4fcf66cadb4aac439ed9a69642e7406cc,1,1,0,0,0120170925d799877b15d86858d3c73bf76dd807,0120170925d799877b15d86858d3c73bf76dd807
2017-09-27,data/events/2017/09/2017-09-27.jsonl.gz,fb108bd5efb9f8afb54af3be4c8f8b27b3123faf23fe805cf8a0ff6c740025b2,11,11,0,0,012017092706bb6b3616e29c11c0756ee6860484,0120170927fd6531b1af3fdcf50aa7de10ef586b
2017-09-28,data/events/2017/09/2017-09-28.jsonl.gz,6f883de1a27f0fb9b2a8a8ed61553ce04152b48d6c2328b8baa4ffed9315d001,2,2,0,0,012017092802d78d5c082f835de1dd252412e0b1,0120170928c9d1a9c47cc92f9854ca682da93f08
2017-09-30,data/events/2017/09/2017-09-30.jsonl.gz,81c5498ee554f30e6ea3c1ce3a9483b7cb1b7acb1ca1157ee54634554f49886d,2,2,0,0,01201709300b9f523597abed73d2596f399aab74,0120170930e29faf0e45094b6c69e66f540c1ba3
2017-10-01,data/events/2017/10/2017-10-01.jsonl.gz,ec1696eb401fad980b77ae32ee08dfac5e3185e5dd7c5c6ffefa9c1ab3429daf,1,1,0,0,01201710018e5d5f58ca6421ee2f91d610838f48,01201710018e5d5f58ca6421ee2f91d610838f48
2017-10-02,data/events/2017/10/2017-10-02.jsonl.gz,1bbd38af0c30e5a18419a718b851619ccb3fd0f429eff25dc88022484378fba7,2,2,0,0,012017100235acbc8403e80a3bbc432e95171509,0120171002705a18db4312b0d3d3e0d50c2eee87
2017-10-03,data/events/2017/10/2017-10-03.jsonl.gz,1b204a0caffbe68b37c2fa301f50c87aca4eaaee35a4efb5abcdc5c2bcb26901,1,1,0,0,0120171003ba3b460bc62b9e3f440c23f383483f,0120171003ba3b460bc62b9e3f440c23f383483f
2017-10-06,data/events/2017/10/2017-10-06.jsonl.gz,9c3fca2c0f446ba2e6ca3ae30d28349d82f4829d6befbdb1557e00f3a4a213f3,4,4,0,0,01201710062a46116a736697e661a1a28080a1b8,0120171006e22e64d5fed9ac36640055787ea6b5
2017-10-31,data/events/2017/10/2017-10-31.jsonl.gz,1052b688ac15c67213cd70af0f64d29a445257b5ae6d0376178db0a7670743d4,5,5,4,0,01201710310e0297b9445549154e11979c673e14,0120171031dbe920d6122cc0a12e4555d886de69
2017-11-01,data/events/2017/11/2017-11-01.jsonl.gz,cf4b097c5dfd78eccc239333372e20bace1f19bbdae880e6891792c83eecdb24,5,5,1,0,0120171101165dc99477ee2928fe8203de87037e,0120171101b8103bfd808e73df07c3f7908595ad
2017-11-03,data/events/2017/11/2017-11-03.jsonl.gz,8685cac970a58f67cc4b4627ee7821ffbf53e5b9d5be805fc911ca81d3300bfa,4,4,1,0,01201711034e740f0c53d9d20231ab1ac0e8fcfe,0120171103b4062feaab4acb711e965c592b12fb
2017-11-04,data/events/2017/11/2017-11-04.jsonl.gz,0d0218e0d149b39275c79dbfab0979da53447848a8cdb5415ceaf5db3353bceb,1,1,1,0,0120171104ee9a70cb0a7f18a6de719e12ddef78,0120171104ee9a70cb0a7f18a6de719e12ddef78
2017-11-28,data/events/2017/11/2017-11-28.jsonl.gz,525d00615108830105131d24eb2bbc1f68eee664483390ee344d24e04fd3c24c,2,2,0,0,01201711281b3370a709cbdfba7778b8112dc1d4,0120171128ce20a9362541b5adfd6947cc1ce346
2017-12-01,data/events/2017/12/2017-12-01.jsonl.gz,b83787da9a30b65b8dba4bed7407fdff7ee3c4f13710492d0d8f8026f88da92c,1,1,0,0,0120171201a75992b57af63534225c6f6f4cbc42,0120171201a75992b57af63534225c6f6f4cbc42
2017-12-08,data/events/2017/12/2017-12-08.jsonl.gz,dbed68a14b687d585a45526dcf234e29b39db2534129b9d6836e05f9fde389d5,5,5,3,0,012017120817b4a846f6ab76597b3e9ce32202dc,01201712085b6666416fa396050b565eeb73a8c6
2017-12-09,data/events/2017/12/2017-12-09.jsonl.gz,72ab60f6a33bbd8a00b2954a7f251892202b6075f51aa93a632a8d889bae6f55,4,4,0,0,012017120920e3ecc5c519f75fd4835c98af07f7,0120171209dd67ac33d51cec66c1fdde7b92ea33
2017-12-10,data/events/2017/12/2017-12-10.jsonl.gz,c60f0774fa15c05d07598f51adedd1c2169664dd9fd12ba95dc1787dae8100f1,22,22,3,0,012017121003e3e70d7673402d598c17c8e71843,0120171210fd850ed41443595e1c40ffcea0f0b3
2017-12-19,data/events/2017/12/2017-12-19.jsonl.gz,6f8c36f6c7deedaec1eaad59dba0f8efe72219508b28e161e94b4dad1598c070,2,2,0,0,01201712193545049849ccb05c7878330372dec7,012017121945ceeb402fcfbd171da7794163740a
2017-12-20,data/events/2017/12/2017-12-20.jsonl.gz,1c098c0ca211c1f07297f0c34fc2c97bc80a3803172b8c270f12ce0c4b389fef,4,4,1,0,01201712200456082e442fc22521959b136c46c6,0120171220d5606fc14eda2f092f5dec68b56159
2017-12-26,data/events/2017/12/2017-12-26.jsonl.gz,61402342e80f340740900d5f686756706b72f7fbeb014529f0fa452787114552,8,8,2,0,01201712264784f26e9dd38d01aa1850edebb9f2,0120171226df2781c0f3fdd49f4ad3832bc8917a
2017-12-30,data/events/2017/12/2017-12-30.jsonl.gz,e049b828a63beb999f215b882a45845c86ed4babf0111ef5447807d7093bc271,1,1,0,0,0120171230feaa18996872b348fc9c41717d40ac,0120171230feaa18996872b348fc9c41717d40ac
2018-01-10,data/events/2018/01/2018-01-10.jsonl.gz,6e6fb5336f79d76e1335a2a8d06a1f03af37ce345de9d74298d362e71e54ee00,1,1,0,0,0120180111bc52695a8695271ab5a8a00309f178,0120180111bc52695a8695271ab5a8a00309f178
2018-01-14,data/events/2018/01/2018-01-14.jsonl.gz,cda82e3ba2e4c3f4825727c5bd0f4390ba3eb81f34eda3d8931a0489ec99a58b,1,1,0,0,0120180114199631ee3cd34d433652e30b8e2549,0120180114199631ee3cd34d433652e30b8e2549
2018-01-15,data/events/2018/01/2018-01-15.jsonl.gz,3612d9b47774c4194d05d7c0bdc2d6aa116858b5440b8ab5dcbd518973e6b223,1,1,0,0,0120180115fc58ee0975765755714938b1836d9d,0120180115fc58ee0975765755714938b1836d9d
2018-01-22,data/events/2018/01/2018-01-22.jsonl.gz,20e43823e2c0c1346b68efc727095f868b39c2778b5507d0c7ee1edf8c31498d,1,1,0,0,012018012203a5de5ec2da8e64ce49a6375c75df,012018012203a5de5ec2da8e64ce49a6375c75df
2018-01-23,data/events/2018/01/2018-01-23.jsonl.gz,348fa941257c417f1ef2124f4305dfc49c7db8ec7c8919c4171800a4b3e7473b,1,1,0,0,0120180123dd75e4eade4f8950ad7dbe128c7fad,0120180123dd75e4eade4f8950ad7dbe128c7fad
2018-01-25,data/events/2018/01/2018-01-25.jsonl.gz,215aefb155611d14a456408db470b44d4f054452535636137ac8d4687e7f88bd,3,3,2,0,0120180125120e0973ad0f399779f3c89664a47d,0120180125eee7435c9cf25f14a44292c63a1498
2018-01-30,data/events/2018/01/2018-01-30.jsonl.gz,54aa9f84efd8a2136309ac3a5c8aee9a3509757c690a4bc711b6de6c46835745,17,17,6,0,0120180130112dfc6d494c5d4777ff78edee7eb7,0120180130fcfbc2a4d13a1d07af9e71b1712c64
2018-01-31,data/events/2018/01/2018-01-31.jsonl.gz,e91166aa8cc4a391839f7ef01718ab9db19cdeb4cc0839c4c6de67220cc381d3,1,1,1,0,0120180131275161440491e0a3e6e77904e41d49,0120180131275161440491e0a3e6e77904e41d49
2018-02-02,data/events/2018/02/2018-02-02.jsonl.gz,d45ac48b57c789a23f9d75be879072aaec3ac9cc639cb78af7c8897761590d0b,4,4,0,0,0120180202141d61eb77ed6802e5d34b72b13e9a,0120180202a5f0de7d76eece81812bc2718e9517
2018-02-05,data/events/2018/02/2018-02-05.jsonl.gz,1fcce97ae84afc50bf170f5b2ca5658de13bc148e9482d062da722a9cf73cc7d,1,1,0,0,01201802052f810a07ff057bb5110a53441cc6d9,01201802052f810a07ff057bb5110a53441cc6d9
2018-02-08,data/events/2018/02/2018-02-08.jsonl.gz,98a957c3ad3305e1376b31858833817bc1cee4b1220c6bec2f1f5e2a4a307893,1,1,0,0,012018020939c5f7372eae5e19af5a459aa3d0b1,012018020939c5f7372eae5e19af5a459aa3d0b1
2018-02-14,data/events/2018/02/2018-02-14.jsonl.gz,2bbed4b512e0aa5decf6c4d3bbf8a057dfd2eade88863ede1552e13358f0ed05,2,2,0,0,01201802143e6bff75c988210ce49b7dcece0781,01201802148be6132ba4e666d5105b5a40d59b49
2018-02-17,data/events/2018/02/2018-02-17.jsonl.gz,2e8d1085b198730278e235d8a836a672718b04cabf183cd5dd8ffc85739ddd30,1,1,1,0,012018021722f3b574fd4a1881e6e6eaf7ee1870,012018021722f3b574fd4a1881e6e6eaf7ee1870
2018-02-18,data/events/2018/02/2018-02-18.jsonl.gz,69c90e932eb496a3c03b3b2a3109e6aad0f7fffe980361dbf8ef6a9c6b5ff147,1,1,0,0,01201802181747ff511d5900bfaba0fe4ad81622,01201802181747ff511d5900bfaba0fe4ad81622
2018-02-19,data/events/2018/02/2018-02-19.jsonl.gz,345a3866eba21632152283d1d44f482a9857dc7279ef5a29867e7c31505e4a43,1,1,0,0,01201802194385a8a7fff492bef582c752795784,01201802194385a8a7fff492bef582c752795784
2018-02-22,data/events/2018/02/2018-02-22.jsonl.gz,6f325f46fad23455ec643220e4d560525177162ef57d7773e34e7aa075531b40,9,9,2,0,0120180222008c294d83fd9078284cbd8b2f8b1d,0120180222e5cabbb89deb14baba0584e4873aea
2018-02-24,data/events/2018/02/2018-02-24.jsonl.gz,539ca83ec20e072c3bf0c5dce3430e0c3a8ef8745c21ebc894b4c5983ecb04ec,1,1,0,0,01201802246e3cbf494e794f8b4cbf5fca8cd291,01201802246e3cbf494e794f8b4cbf5fca8cd291
2018-02-26,data/events/2018/02/2018-02-26.jsonl.gz,60c21ec6645c19cc66f67b7140cd01cbf464c9783fe38432b95799f8c68eb4be,2,2,0,0,0120180226aad9e650435b68a98fc3345d9db1ad,0120180226f22dc67552747bfce2dcebf82dce3a
2018-02-27,data/events/2018/02/2018-02-27.jsonl.gz,234ebdc2549501108aead691c532ffd6d3ff4c73bfb38cd4976f2efa2eb0f02f,2,2,0,0,0120180227381b5df2f7c3a10f5fcb055e2b1326,012018022782e035eaaf1e9c77b05fef99e8f2c6
2018-03-07,data/events/2018/03/2018-03-07.jsonl.gz,3595a4f7a19e467f0106bbbf41c7d439e856f5f2f3e915fb64e3a6edfb4c4608,1,1,0,0,0120180307c8365b30993ea7c41895970440bf84,0120180307c8365b30993ea7c41895970440bf84
2018-03-10,data/events/2018/03/2018-03-10.jsonl.gz,24b87e8c965523a2184d26137dade2addfe649a94b7cea32fa933d46607cb897,1,1,0,0,01201803104c5d162189ac2a5bac31ebfa634120,01201803104c5d162189ac2a5bac31ebfa634120
2018-03-12,data/events/2018/03/2018-03-12.jsonl.gz,72afe44b1ebd5b4d3a9838b10179dad90407958b8b54e7c73da34301896b042d,2,2,1,0,012018031201e37c869eb5e4c483a97b72e566d2,0120180312c045271cd472a15572df1a0982faad
2018-03-13,data/events/2018/03/2018-03-13.jsonl.gz,c7a3a28a02a5b223fb5cef0ba07036b392948c29f0506bf6baa5a929b96a3341,6,6,3,0,012018031303f7ea8781afe927f86eb8b2769b68,0120180313c6ca2a1403f88d758c36497772e260
2018-03-16,data/events/2018/03/2018-03-16.jsonl.gz,49715eae27ba1582632de50a8ed706a0f24b161d8c93d7288a0d9d24c4e8a18f,4,4,1,0,01201803164d5d13a3212be794484af676282eaf,0120180316fe225895f651446beaa17b318ed71f
2018-03-18,data/events/2018/03/2018-03-18.jsonl.gz,dacb419f8a16f11d68d762808a2a58fa46c203604878b2a5a368f2cb76fdc0d0,7,7,3,0,012018031826e0b47322d288b974ef5711915d6c,0120180318e27ea50dbe8b7a084033eca0ab9a3a
2018-03-20,data/events/2018/03/2018-03-20.jsonl.gz,6b78d7b79918a254624fb10634155be6371e24aa841973f96efd384cff13c290,6,6,0,0,0120180320148c4fe9ec13bec8283435dd8ff39c,0120180320e9909458097b89ab943b163a91b72b
2018-03-21,data/events/2018/03/2018-03-21.jsonl.gz,c8fa79bbc3c7d2763b277c513a1c4713e9b7d572e088fa79d1c5d8a1d270a277,9,9,0,0,012018032103e309d3b003b4c54b932f95ceacee,0120180321f481445cda5916d3dfca8f06f5cc50
2018-03-23,data/events/2018/03/2018-03-23.jsonl.gz,c2d5b74b454f5b5fb5988a63359792165b45ca07b79c110ecf47556692cccbe4,1,1,0,0,0120180323ac7c8a55c186d0e2e193718ce6d6e3,0120180323ac7c8a55c186d0e2e193718ce6d6e3
2018-03-26,data/events/2018/03/2018-03-26.jsonl.gz,884b1889781df828a57317c845803b821a87ab67ca25016488a9f5ca7bbfb986,2,2,0,0,0120180326192b2ca75cd5c21857b7997be1da90,0120180326f72735e35db0c0747b014bfa039aff
2018-04-03,data/events/2018/04/2018-04-03.jsonl.gz,f3cad94c845f3c474763cf64b80513f6cf4ff8335eea51dc8da266a28564c809,3,3,1,0,01201804030aa8cc933636ea09c153af8b832b45,0120180403bbe13f4ecea88e8f2f02b0a3e516eb
2018-04-06,data/events/2018/04/2018-04-06.jsonl.gz,fe3e76934f22a4b8d2219ce3e5a8f0c67c2334d686f29cfe97daee7de3eb3bbc,1,1,0,0,0120180406499e6d560efb9a1dba4c782b7f2f67,0120180406499e6d560efb9a1dba4c782b7f2f67
2018-04-12,data/events/2018/04/2018-04-12.jsonl.gz,cb03b05f241a9c3fc6f065459e4c2df2163593a546b69afbbc329f1df568efb8,4,4,0,0,01201804120328ac05f18663b4e05ff4f12e29fd,012018041390deaae6bf327f642c8a7c96947e0d
2018-04-13,data/events/2018/04/2018-04-13.jsonl.gz,fb7b4b3d5fede29b3ff3be0096c697654baafad6640e2e1901715bd0a77eb706,2,2,1,1,0120180413be486927048506db1f8b9a8c5db291,0120180413e85e14fbce274b7fe4904a2c855d37
2018-04-18,data/events/2018/04/2018-04-18.jsonl.gz,22bd6488e513ac4f3859bec57518116bfece96e8a05c5b0d85c9065a203e7bcc,1,1,0,0,01201804187fec1c621fb27550433a4061422baa,01201804187fec1c621fb27550433a4061422baa
2018-04-19,data/events/2018/04/2018-04-19.jsonl.gz,db7d8705561e575323252dba34108a712d8cb8dc0bfcc5f222ccceec4cebddfe,3,3,2,0,01201804205a024240f1d0f646522915b1c5eda2,0120180420a0bce2cb7cd5eb1d6f0a0703afdb0a
2018-04-20,data/events/2018/04/2018-04-20.jsonl.gz,b15a41536108125f29a1259b46acf92726ab0bdbad0df3ec3e6a9a0405d0beed,6,6,2,0,01201804205a024240f1d0f646522915b1c5eda2,0120180420ec7c2544b83c6ebdd1dc7422677105
2018-04-21,data/events/2018/04/2018-04-21.jsonl.gz,0205529d299070fd3a9eac85004f6ea3ee3911fae82592d7fdcd0827d69fcfe2,2,2,1,0,01201804223dddc1a1f3ab1f2a224b345bd1b5af,01201804228b8b4a5ad974fcb23a881774e13e22
2018-04-22,data/events/2018/04/2018-04-22.jsonl.gz,076709ead0a32ad3d851ef8b2c8bc37607dee0e7c2779ef94f9143f431a586c5,2,2,1,0,01201804223dddc1a1f3ab1f2a224b345bd1b5af,01201804228b8b4a5ad974fcb23a881774e13e22
2018-04-26,data/events/2018/04/2018-04-26.jsonl.gz,0797a3ba262bcd126bf5efd1ff068b4ccf1a7f28a8b4be8d12bf1a690ca5cbd5,1,1,0,0,0120180426a194e3597484112dd210485b55b368,0120180426a194e3597484112dd210485b55b368
2018-05-09,data/events/2018/05/2018-05-09.jsonl.gz,361b2efb7d1b036cc4dcff76cbaadbc5bbfdcd80da7d979b8ca7f03a4feb6fd5,2,2,0,0,01201805091d26437fbc6ab0778820d9818cb12d,012018050974d6a1484893900169a31dbcf759af
2018-05-10,data/events/2018/05/2018-05-10.jsonl.gz,eb07e6cc51a9bfcd3c7513c2bff1624bf348ec13e5ce7b6997b554618fb373e6,2,2,0,0,0120180510214d85ece0f921f8203585a4f35fb7,01201805102f03ee2826fb80fe62ba33e304f1a7
2018-05-12,data/events/2018/05/2018-05-12.jsonl.gz,a7383263d8c203c9a8c1fb283ac1e79a49c9f7c4d47453ff69a41352d0714468,2,2,0,0,01201805120eb80ffc1e073b243ad4a297c46e95,0120180512f92e4d2a670662988a139336196629
2018-05-22,data/events/2018/05/2018-05-22.jsonl.gz,85275dd774917149c37616aef28d70a2a0867d27709b2e061d3715639cf716b5,1,1,0,0,01201805220853e392f81f985b64f9b69a1e2b19,01201805220853e392f81f985b64f9b69a1e2b19
2018-06-17,data/events/2018/06/2018-06-17.jsonl.gz,3cbeb9f7120dab744032082d3a2e700be360acfe916c2d63c466b465dd46581b,1,1,0,0,01201806177c84ce4a8812dbe4e8d1b0abcee1e8,01201806177c84ce4a8812dbe4e8d1b0abcee1e8
2018-06-18,data/events/2018/06/2018-06-18.jsonl.gz,c1602b806b8f78d27f19df3e6be5bdb2af4b9661b5e9ce6f8e6b796fbe2e1a37,1,1,0,0,012018061874e7fd223f4ed883b9e7b1655f2f62,012018061874e7fd223f4ed883b9e7b1655f2f62
2018-06-19,data/events/2018/06/2018-06-19.jsonl.gz,95f3ad99ecba461434ce94e2f01e426c65ed2990ea976eba863ada70e05488af,6,6,4,0,0120180619264824702b5fb22e8d681fc0fdcc60,0120180619d3e9ebf140bbbf7f1fe02d791e5968
2018-06-30,data/events/2018/06/2018-06-30.jsonl.gz,eb526884a3b62ef848b7042f70470fa26cfc2f097fb0c5a3cb809f2bbd9dedfa,2,2,0,0,01201806300a030b2203dcbeece60e4e85a1884d,01201806300a4abae06ec9f74014eb22681872f1
2018-07-01,data/events/2018/07/2018-07-01.jsonl.gz,e78fe9d3f0bf82a58a132e624f79d97f680255b84223c8d848f0d58bf105b286,1,1,0,0,01201807014a52d38889d51ad2f7579a33e2f452,01201807014a52d38889d51ad2f7579a33e2f452
2018-07-02,data/events/2018/07/2018-07-02.jsonl.gz,959e9318e8103c1aca88460a9f8e33e4edff0d4e6a53f7019209a1c3aa7521a2,3,3,0,0,0120180702487598b038b0b61f6d07b238acbfe8,0120180702f0dee46b02f66e9773f64740ec2e2a
2018-07-03,data/events/2018/07/2018-07-03.jsonl.gz,6da7e9d2342f18c8155ca98a5aeb2b43aa6a67c9afa3470a9d31124641a521ca,2,2,0,0,012018070354195ae16d964cc8d9ee0056ac0d07,01201807038582dbb793e9c47554c14e65ed3d90
2018-07-04,data/events/2018/07/2018-07-04.jsonl.gz,6039b7a37573bb2a61230d2baadc646936d661ce9143e220c44349896c127719,2,2,0,0,0120180704488049d02e4491c91d7b9c4722200d,01201807048285eb2d021a0c6309929ee188e06b
2018-07-06,data/events/2018/07/2018-07-06.jsonl.gz,5e121ab18f8a2556f961530ac8d5c35b28d088a228600deec0e0df3de378c1c0,4,4,2,0,012018070613907d7fa193ad82d9a21e3281aab2,0120180706ff0bfe8fe1f39c5ead275994228533
2018-07-08,data/events/2018/07/2018-07-08.jsonl.gz,8454279dc365b6491fd350c3e03f582985c25aebb2734fbde7c3dbd3a17c13a3,1,1,0,0,0120180708f85e3fa0a23cb8ddf11a07a7341665,0120180708f85e3fa0a23cb8ddf11a07a7341665
2018-07-12,data/events/2018/07/2018-07-12.jsonl.gz,246a956e26a15b550160a9598502717535ece8288aeccaf48434a236e2cf67fe,3,3,1,0,0120180712738447f15f2c2cd4fd02f6f2381c38,0120180712a6ae86db06ee3ef78f107f16d5e51a
2018-07-22,data/events/2018/07/2018-07-22.jsonl.gz,fe816ec122d6c25048c02de5784e32a0a4847fa11a650e36c432e86148a3eaa5,1,1,0,0,0120180722f92a7c23b17f4ca9c74b5177a1264b,0120180722f92a7c23b17f4ca9c74b5177a1264b
2018-07-23,data/events/2018/07/2018-07-23.jsonl.gz,c089b065326c7142534ce53817e42959fe4da85e5f259d73590c4a6b34859928,1,1,0,0,0120180723f2e197ea33963f8caee0708edca495,0120180723f2e197ea33963f8caee0708edca495
2018-07-27,data/events/2018/07/2018-07-27.jsonl.gz,5aa524946e91ae2e52423dec21c2f6cfcbebf4ce7b2a273ada9cd7767aaf9ae2,4,4,1,0,0120180727680e29330e8cccf6f739990e53e13c,0120180727fded68b03d10cce390cff5cd14c764
2018-07-31,data/events/2018/07/2018-07-31.jsonl.gz,0bbc47440ccae6063b559a145dd62d0fd6c4da7edaf6d011bf58812dcb37a843,3,3,0,0,01201807311fc2ee0d2be78ceb89634ef067f408,0120180731a70cb78e7bbcf7d9f5a410185bd5d6
2018-08-01,data/events/2018/08/2018-08-01.jsonl.gz,ef97ec839f0af397b006f82742fab9befe74a8a51a3528bae755bbe68bdd3def,2,2,0,0,012018080143998ed188514e5f4218b2ad0f2858,0120180801959a511a41a9cb1d602b8e8224f519
2018-08-06,data/events/2018/08/2018-08-06.jsonl.gz,43106a8e2a0d753004cacecfbaa44ad2bc77fd7b7e3b35e7f37eda555df8b2f2,1,1,0,0,0120180806d57012bfb18803c2ab7697ada87f2f,0120180806d57012bfb18803c2ab7697ada87f2f
2018-08-07,data/events/2018/08/2018-08-07.jsonl.gz,11fc312eb41e12fc4eea7f176c62dc382587d06af44b3e0ac7d32a902f133ce8,1,1,0,0,0120180807f11a063424d19178544607e18660cb,0120180807f11a063424d19178544607e18660cb
2018-08-12,data/events/2018/08/2018-08-12.jsonl.gz,11f0cdd0c2d351df009ba4e097cf83498080aa70f648416b6e30e788a7967dd1,2,2,0,0,01201808121bba95efe0c4c83c92225aece1a47a,0120180812b6d4222f9cb712e4f659f5a4ce5639
2018-08-27,data/events/2018/08/2018-08-27.jsonl.gz,22c344200dc06be4a25a10ee92f86b395e85eb9c0384b1a2294c0c90fc6d6ad0,1,1,1,0,0120180827c1f0572004e430e9554a86088508d1,0120180827c1f0572004e430e9554a86088508d1
2018-09-09,data/events/2018/09/2018-09-09.jsonl.gz,ecfd554ccf2f7d42bd4c22d82c0dece83f0c0ecfbc3fdd0a04ae7ae2f086e35a,2,2,0,0,012018090924e6618840cf634934916b4d05b69f,0120180909c5646b69cd1ddf0a0cb3534e827db3
2018-09-12,data/events/2018/09/2018-09-12.jsonl.gz,ba1d6279e181d8cd4f2ff4da77c4b38f2989093b21f5b322fde4ca8fbc591b2b,11,11,0,0,01201809120e2d9773817a7329b3b7c7d1b71054,0120180912fd4ea3b8b5309219483b993ee8621d
2018-10-02,data/events/2018/10/2018-10-02.jsonl.gz,87032a680c8b82a0431dd2dce0d203c8e28e747a0634381b045f6458adbc77d9,2,2,0,0,01201810022cb4965a27a1bccbd37f42337fcd81,01201810026dea00daf7fdc1233be4d82bf90f7b
2018-10-08,data/events/2018/10/2018-10-08.jsonl.gz,1c765685bd40830877d6a09a35114fdb6e3446abc46ff1d074b6cc1a5dac3b5e,4,4,1,0,0120181008384d7305fa6d5bf212c1e7a116b5f1,0120181008edfab13692e1fb751aff5d6566b4df
2018-10-19,data/events/2018/10/2018-10-19.jsonl.gz,a8f8d500454ae62d877732943f957ef4fbb5d93b5ce843f3a1c3e8e3ddc45f47,1,1,1,0,012018101976f86dcbf75eb6845434dba35bdb08,012018101976f86dcbf75eb6845434dba35bdb08
2018-10-21,data/events/2018/10/2018-10-21.jsonl.gz,833e944afe1284529df074372ce732d97c334f77af8780d7d590a598a0498c9b,3,3,0,0,01201810212686a60b19aa68d61025fd5a7eed8c,0120181021bdd9124da6e3f8656851fa885f66ce
2018-10-24,data/events/2018/10/2018-10-24.jsonl.gz,aa3c266f1a0e548dca8c2a532cbbf380fbe44938eacae011f01de64e3f487a6a,1,1,0,0,0120181024119ddaa4302e8908fec72466a4152d,0120181024119ddaa4302e8908fec72466a4152d
2018-10-25,data/events/2018/10/2018-10-25.jsonl.gz,63bf5722fd45a9aa97063c0738e50ce79ec920ec6c6f0b8d73629a39aad6c79a,1,1,0,0,0120181025089a4fcc221ed56ec93e683b60a455,0120181025089a4fcc221ed56ec93e683b60a455
2018-11-09,data/events/2018/11/2018-11-09.jsonl.gz,7d5d6bdde630aad699658ea3c4ce9fd7322f733b5b7a4275bfe1cd015a38c91a,1,1,0,0,0120181109868b70b41d2505a3451e7121dca970,0120181109868b70b41d2505a3451e7121dca970
2018-11-17,data/events/2018/11/2018-11-17.jsonl.gz,b78718f425d112ca01daaee47179ec5d72f482aeec27456ee41606fa6a61132c,3,3,2,0,012018111736d7f2420b5184c03f94e83f4741f3,0120181117acbb3800f0a18f6b24d0b3fc1edb90
2018-11-24,data/events/2018/11/2018-11-24.jsonl.gz,246890fd13e7205e539b9e349335ab06aa2b56ab4f308a63192a1c57c7144915,5,5,2,0,01201811244438e30232c4fbed87bb2aa3d7d05c,0120181124e32bf0f8f5741ab72b446497249b23
2018-11-25,data/events/2018/11/2018-11-25.jsonl.gz,50104d7337ac9097c239f20c8565f420a1f6c2e40ebcf054dd52a8fc6cd32b45,13,13,2,0,01201811252b6d96d625baa1e45e7b3e3dbb5966,0120181125fed70e40683bf2a826bc33973682bd
2018-11-26,data/events/2018/11/2018-11-26.jsonl.gz,50d8b05c90c5a6d6ad1297f2d79667be54f06085c790802d8f5a29035e803a50,2,2,0,0,01201811265833f036196b46700ab29f00eb3e46,0120181126b81abd7217970a57f0bbe0694cd69a
2018-11-27,data/events/2018/11/2018-11-27.jsonl.gz,3fc1dcda64cda55db00927e4692d93039dd0bba3277ebde43f928fbe5ce11051,10,10,1,0,01201811271d1a41a90e6921ae7d0c0073cae135,0120181127fe9c17708fcbab64970554b4dc3b37
2018-11-28,data/events/2018/11/2018-11-28.jsonl.gz,ed4a752ba98678d4b83e97e587d26c0882dc8a8d12a98da8b31c89f909e0757a,3,3,0,0,01201811280d59f911fb44f91274a578b7d19f01,0120181128dd74af8c1d149849c49308a839a466
2018-11-30,data/events/2018/11/2018-11-30.jsonl.gz,1a7d7e2c43c17a329e9539b5a433c4a5f05653262391e53100d9bd3cefdcea9d,1,1,0,0,012018113033e22e85245c0cb22549e56155d484,012018113033e22e85245c0cb22549e56155d484
2018-12-01,data/events/2018/12/2018-12-01.jsonl.gz,6d92600f23dc02531bef0505be0f865b3f397ebc88cfbe6a7d01da0d53a8a401,1,1,0,0,01201812011e9e40d08e98785edab7f77ffb94a7,01201812011e9e40d08e98785edab7f77ffb94a7
2018-12-12,data/events/2018/12/2018-12-12.jsonl.gz,9dbd12b95ac8354def6803afb4fa85baedb292799c0cb49563aec7806e03b71a,6,6,0,0,01201812121fa0961e2a6b219c5cc08df135cfa4,0120181212e195bc1dcd2d8ce323bec98b8cc444
2018-12-13,data/events/2018/12/2018-12-13.jsonl.gz,7e0a5ab2c415e1b393788134d8155b73b136f29fe6ab760a18d3fac84f27d7db,2,2,0,0,012018121306d86a157d670f300a9593db842193,0120181213dda0e5ad01f5e44caae820da0ed2d5
2018-12-14,data/events/2018/12/2018-12-14.jsonl.gz,460cb9e89f5cfa5604b18e9a93b380797725e8fd914e12fb080083009594e9ac,14,14,1,0,0120181214334dd9d245a3a8511df7cd53c120b2,0120181214d50bdd5406ba72d31c2880dbd70de7
2018-12-17,data/events/2018/12/2018-12-17.jsonl.gz,051046c48302c56f479ecafab2a4f4d5f89066f6d9f699d74efcebf8693de1f7,1,1,0,0,012018121751d66d36ae0cb1cc2b60f26002cf72,012018121751d66d36ae0cb1cc2b60f26002cf72
2018-12-18,data/events/2018/12/2018-12-18.jsonl.gz,dcf6cd1ef07bb6ecdcbb9837993fe3d4c8d245e3f827ee4dd96a2f49a23f84d4,5,5,1,0,01201812184ffd278d6fd33dcf84701164fd9489,0120181218e8c04841a962ba059fc69fe4b6e2be
2018-12-20,data/events/2018/12/2018-12-20.jsonl.gz,40b54de721c3d4c3085dfe847d38131a0da86eec38cb9a8cbf909944cbed778d,3,3,0,0,012018122001fc583aeb39de508615e5691968b8,0120181220f87de73ec4826895299f24c5ca6bba
2018-12-26,data/events/2018/12/2018-12-26.jsonl.gz,4e7c4bf5197d44ca8fed81d25f5d9edb990c9c7a867a3c1a7f40b4ce74f21e7c,2,2,2,0,0120181226129448054fffd8cfe29935e6717a47,012018122615c5a2930b3eeac085caa8ac775268
2018-12-28,data/events/2018/12/2018-12-28.jsonl.gz,77f84ea577230e9e049d44226d7c19f90035b0a8307fe2a131a6d278a215de8e,2,2,2,0,0120181228df72f1dd9bc4f0b4c7138604e61bd5,0120181228ee8a189634cfe5c528105bbea936d1
2018-12-29,data/events/2018/12/2018-12-29.jsonl.gz,855e75cdb2036a7834c871899e9f9b3a95d10c215b52735795814bc6d35b9d19,5,5,1,0,01201812291d2fe96daa92e3c30b626f90340817,0120181229fa9c8dfc87ebeb83e50da12babf86f
2019-01-04,data/events/2019/01/2019-01-04.jsonl.gz,a1baaf2d67516a86f681475c9e8ab4a0592eed1e7e837397195d67b880ecc40c,7,7,2,0,0120190104076a0d6004e67c32e31b11db733f3e,0120190104a863c9228c2964fdbe4df530ef3684
2019-01-07,data/events/2019/01/2019-01-07.jsonl.gz,70769431a2b6a268db61a691f8a2e9f7cd8a1fb5a9558c907d4d6bf219af9f16,4,4,0,0,01201901076cea0aa9eee88f220c7be6850354b0,0120190107e6681b8a7268e77028abf6d143c67f
2019-01-10,data/events/2019/01/2019-01-10.jsonl.gz,32c504e2e7bc47290608082825a6ca1f8b5d8342a17bf5b75097554db5a23bf1,1,1,0,0,0120190110a1f9e8f82c92452abcaa9840d177c1,0120190110a1f9e8f82c92452abcaa9840d177c1
2019-01-12,data/events/2019/01/2019-01-12.jsonl.gz,6f7f34b8c941242e7170bc7ea5ca24bcb7377fcf9b25f56fbf0347a9ae5ef2aa,2,2,0,0,012019011228fc5266b6da48598e3a56a574979c,012019011235b2cacf52f64829abc2218182cf1e
2019-01-20,data/events/2019/01/2019-01-20.jsonl.gz,2ebc21f47f730ef3639a4e6de59ad1c752f594013eb331e8577f3392bb15f814,1,1,0,0,0120190120a427cd363328cb98593fee234c24ea,0120190120a427cd363328cb98593fee234c24ea
2019-01-28,data/events/2019/01/2019-01-28.jsonl.gz,6b205e2f35d82f199b3e376d22240fe5bc151927a5ccf16b92afcf2ebc73a882,2,2,0,0,0120190128d25001b82ebd1dae80a15ff76707b0,0120190128dc209a213a57eebf42c2fbc4df1e38
2019-01-31,data/events/2019/01/2019-01-31.jsonl.gz,4a88a88d33652e52b67ec1d673b99e24d84026d467db58a49cfa21f87f94d0a9,4,4,0,0,01201901310baf22958869c92a4651b318ddcc09,0120190131f955c4cf41eafc358ed4c918e70f85
2019-02-05,data/events/2019/02/2019-02-05.jsonl.gz,be3e5f1e953b307593f26328e3466935742b4cf42cf0589fb099f15e171ac49c,10,10,2,0,012019020512051e1de50100164350d5e0f594b2,0120190205f853a2a598c5fb7d9c166c845d39c5
2019-02-06,data/events/2019/02/2019-02-06.jsonl.gz,c9d299b0a72639022ff58ef2ed18f07571d295b349a782292a90321e75da0c6d,4,4,0,0,0120190206372ab901a4878dd97f62a400ab56b3,0120190206d21e227d8e227bed55b3a17b519027
2019-02-10,data/events/2019/02/2019-02-10.jsonl.gz,7cf263a388439e39657cd11214c884b7d6d8ced22fac3d903ed8966001bdd8b7,4,4,1,0,01201902105df4b2d1b3ef2b7cb2527d69683f72,0120190210e6c74f53621990488e0f645d84d946
2019-02-12,data/events/2019/02/2019-02-12.jsonl.gz,bc23520cd5467c9533f619a782f0e1c2569140ce2a7807595e02e233d8e163cf,4,4,0,0,0120190212253c6938e314a36adf29724464c0ed,0120190212c3916fcc420af028e796697bd24f6c
2019-02-13,data/events/2019/02/2019-02-13.jsonl.gz,3d884b3e4a913280f59c4e1728ead9d770e7474a8422cef5b349952b4e306f31,6,6,0,0,012019021354c51cfb827b26578122bbf7da9c80,0120190213f311057812b5027004f82ebf168618
2019-02-18,data/events/2019/02/2019-02-18.jsonl.gz,763422f93d3512c11b2da6f35f7f47d37b36ac3f41cc8cb43a2438cfcfdc395a,3,3,1,0,01201902180d778507d7469999a4b22515e29b8b,0120190218a95a3e0910605ca9f3e53a5d49a896
2019-02-20,data/events/2019/02/2019-02-20.jsonl.gz,44ce963f618671465dc517c45d01885f90e3226fe61a037f9b5fed545d58f79b,3,3,0,0,01201902200b861a8d4e9599966bf27563132ccc,0120190220a94655456541ea0cc91efccdf7540d
2019-02-23,data/events/2019/02/2019-02-23.jsonl.gz,0b72bff476570ebee6bde5894c690c41191cc19f113f5d371dc9658b0f464b4d,3,3,0,0,01201902239aa5dc4bd4563f8551edec2523bf21,0120190223ef30cf6478e970a3bd739dd18927d4
2019-02-24,data/events/2019/02/2019-02-24.jsonl.gz,70c0b55c4ef1f4731045a4eb4e1568ebde41ff9655afa64a80f28e0c4d6fcc5a,3,3,0,0,0120190224799f6af7a29ab3c46ccdf6f21d0557,0120190224918bee674dd63a20f70c9f9ab12e6d
2019-02-26,data/events/2019/02/2019-02-26.jsonl.gz,3c67c5e7eed050714957cf35f7eb0c8e966d3fd30fe0380eb30992994546fc36,4,4,0,0,012019022612653f1a5fde76393885ea241b1557,0120190226b2cc62923f11ff5b3e0ef3ea8d36fe
2019-03-03,data/events/2019/03/2019-03-03.jsonl.gz,7555e31b5dc9a9954be2c0c02a9ece1bdc1ebefcbe9ad327d620b72ce7dd0d9b,2,2,0,0,012019030354e0c54df55618f3ccc56737c3d806,0120190303a38971d5b65a023f85ce284c8daaf2
2019-03-05,data/events/2019/03/2019-03-05.jsonl.gz,97ee5c7a25c98de8e46c59ddde4a90874dc5afdfda623603275621d575c58384,1,1,0,0,01201903059b4a6d82d29b0ce0f79943be427635,01201903059b4a6d82d29b0ce0f79943be427635
2019-03-08,data/events/2019/03/2019-03-08.jsonl.gz,a2d71f41560f48c3b64c18456f3c8a1f941343a1662ac9232113c1552121680b,4,4,0,0,0120190308110e0349344b4f6d92106c2ef599e8,0120190308ed5c32b05821457a74745dfc52621f
2019-03-09,data/events/2019/03/2019-03-09.jsonl.gz,69e32e7e6e6cdf25159e889fe3170056210b930311f036f36496e298102d226e,10,10,4,0,012019030902d62e54326f348393e46cad207d91,0120190309ed0040f0eca03893cc1fd42df08725
2019-03-13,data/events/2019/03/2019-03-13.jsonl.gz,93240484ee59cb4c12a65bb9b63ecf11f32409dfb240d9273e7b5f7ff5e6b3c2,1,1,0,0,0120190313617b806ccb39c94354f9b0ac693d9c,0120190313617b806ccb39c94354f9b0ac693d9c
2019-03-16,data/events/2019/03/2019-03-16.jsonl.gz,eb317a237bf84572d5a157052497ead758d6fe7cb6d7273aaab1355f23dea15d,3,3,0,0,01201903162338664c774dc6ed4ca5e7b598b00e,01201903165806d80915ba3bdf0ae0fd7cf8f79f
2019-04-01,data/events/2019/04/2019-04-01.jsonl.gz,0ad9b0b503b33f27f9893a4b8a7410ef7c5175c759ad184dedd44b47a78ee492,13,13,3,0,0120190401200ef6545d7089ebf2899a8561273a,0120190401fc265763a757e02e32824a26b38f6b
2019-04-06,data/events/2019/04/2019-04-06.jsonl.gz,50ac3406537c31898b59a347d68327d5615307ed6714af8abe3d22cffbfa208e,1,1,0,0,0120190406198689df1bb8f1122566dd57ddfaba,0120190406198689df1bb8f1122566dd57ddfaba
2019-04-07,data/events/2019/04/2019-04-07.jsonl.gz,95e1ecb1e0f8ff096e3d05d5da2016281645816719609c29eef29d11e631f394,8,8,0,0,01201904074edf4313c62b745e7e7d4b57fd46c3,0120190408e2bc07241f6cffe2fac0a4c7b49791
2019-04-08,data/events/2019/04/2019-04-08.jsonl.gz,2c8366ac884af02ce7c4ee334c879da8d4bb8a1671e7a63d26b48b5fc632f050,2,2,0,0,01201904080635b17af80f5a728795ef0de0ebf3,0120190408d78eb1bf19a4c30df5613e5a1fbe72
2019-04-12,data/events/2019/04/2019-04-12.jsonl.gz,1e0811a34e2ae994507e71a0b2975aac96aa869ee324393199471589930ebb2c,6,6,2,0,0120190412242f765d1b3d7cb42a1834c72eb236,0120190412f8c3aeb23986a3185534ccbfee648b
2019-04-16,data/events/2019/04/2019-04-16.jsonl.gz,8d1c5360187031c84374e606ac0593c4888946a136bd4491b3f5b0cb7b6cb1e9,2,2,0,0,012019041660cedcdd6f71542a383760e34a83d4,012019041664dbc9034dff860b15d7b4eb7aeb46
2019-04-22,data/events/2019/04/2019-04-22.jsonl.gz,9c761acf8566b5317b9511cc8678d592ff6cd93ffc552db46f61f2c3058d09d6,1,1,0,0,012019042290c9e53f36e673220dcce370da812e,012019042290c9e53f36e673220dcce370da812e
2019-04-23,data/events/2019/04/2019-04-23.jsonl.gz,3a12c7a071f1f26aae963057d9d68584725fbaab905cadd6c7a1103e4c2f6a88,3,3,0,0,012019042310c48ac949bb343f23b8660c425b8a,0120190423b78d4010601a7b1e24b85149d87c7a
2019-04-25,data/events/2019/04/2019-04-25.jsonl.gz,315dc3ec3b4a965417ebcfd8e6084a019c168eb14a4b8ab9ae53e2387758a53f,2,2,0,0,012019042526d34355823d46de988ba6e13a9091,012019042558170098aa9f48c1ad8c27a99e74e7
2019-04-29,data/events/2019/04/2019-04-29.jsonl.gz,6bd7ecf0cfb972001e4355bffc9a55b8624368479eb6d1bbaa5a56b88ed68b61,1,1,0,0,0120190429c20baa23347c2abc9ba5339b0be597,0120190429c20baa23347c2abc9ba5339b0be597
2019-05-02,data/events/2019/05/2019-05-02.jsonl.gz,154504a33cfcd35fb55a90f926af8db5bd08bff3ead93eb9478cdc455f087f14,3,3,0,0,0120190502dd54d6b17efa3bbfb6bcf1dc74a94f,0120190502e976fc472686a9e208bb61f13cb57b
2019-05-03,data/events/2019/05/2019-05-03.jsonl.gz,20c85388e8a665ec7ddafb7fe3a154efa12763158302abd090fdb9da9524124b,1,1,0,0,01201905034780e8c29cb4ff8692ec11b20fcda4,01201905034780e8c29cb4ff8692ec11b20fcda4
2019-05-10,data/events/2019/05/2019-05-10.jsonl.gz,e9b9ce5bfda06c528bfaf537b7a68cb680900b6d7bb74783fff1743703e96cc6,1,1,0,0,0120190510635a21d5ea3ee70dcd56f3d32c0c1a,0120190510635a21d5ea3ee70dcd56f3d32c0c1a
2019-05-11,data/events/2019/05/2019-05-11.jsonl.gz,5c636f26f5e0f0dd7b8692ca9c23408eef1e4b713dacabb089f48f5c900c6559,3,3,0,0,01201905111d0fb148a1a8830c2376c946f6d7b7,01201905119ef2f953dea8bf0f57fd25723a3ee4
2019-05-13,data/events/2019/05/2019-05-13.jsonl.gz,6aa51b8665daf111d931bd29922ef8c837e730e950bc9b3d676572438c5276c0,6,6,1,0,01201905146ba3271702aab39efba8140822ee1c,0120190514bb3cc8e91b4ac348b7f6702556b6f5
2019-05-15,data/events/2019/05/2019-05-15.jsonl.gz,29a0d292644109e66f55f2bac2b5b479e66f1330a03732fb3f7910549099210b,3,3,2,0,012019051611d429f157d256f42f6e462dc4c9d0,01201905166a56c18696e3c0038be32ed28944d9
2019-05-20,data/events/2019/05/2019-05-20.jsonl.gz,2f330b4efc894def74e6b757229996b90b3a8142a962108d2ba14f64c96db908,8,8,3,0,0120190520379894cb725996ca6e631d520c6444,0120190520ff982bc9aa740e0cb6e29fc0264251
2019-05-21,data/events/2019/05/2019-05-21.jsonl.gz,9f708cd435413860e67bee70fe40a464e0c4d470600941b789924fba4db28673,1,1,0,0,01201905214e30a325df157484be3ee735580a6b,01201905214e30a325df157484be3ee735580a6b
2019-05-22,data/events/2019/05/2019-05-22.jsonl.gz,ebe220e18a4cdc68acd920f457b23cd1e6744ad727c79e8b0a11b019cbe4c8bc,2,2,1,0,012019052231c594a5dc876ab2f320348b25e297,0120190522e3968e6a9d965810ed045df76c3359
2019-05-26,data/events/2019/05/2019-05-26.jsonl.gz,cdce1d22aeef452441f28f055ddc3602b41be3e09030a023732b60e49eacda18,10,10,1,0,012019052634a6b0e83648355de24a7265746a6f,0120190526f91f426512c4dd1058402067f35111
2019-05-29,data/events/2019/05/2019-05-29.jsonl.gz,53448f4967b3109ce8a4b6309ecbb8969285ed912a25673bb3f4511b2f1906cc,8,8,1,0,01201905290904c49c7d12ad864f57f628f8e702,0120190529c96755e2bec7214862ebb91082dafd
2019-06-05,data/events/2019/06/2019-06-05.jsonl.gz,e3b190d915e5a8a68696848883f9231e0f87547c22e9af08a6ade13c459aa17f,2,2,1,0,012019060565b3cc067d41e9f0639706e176f8af,0120190605cfe7f923397d7f7f23781ccc8f6361
2019-06-09,data/events/2019/06/2019-06-09.jsonl.gz,f4bfef15c790a0618736cac3efa7cfcdd781b838451c20d92486bc769a59b1ef,7,7,4,0,012019060907d91d69d0b6499172ce95d4828bc3,0120190609f4b47c06e5ff17789b8baa99ff7c23
2019-06-10,data/events/2019/06/2019-06-10.jsonl.gz,f8aa2560e6e3b23eba55453b077bee5e49b642ab1f354f436ef39ef81e7fd751,3,3,2,0,01201906106048c89f591495843070033b85794f,01201906107e93199ddec37525b3af4f35522d3d
2019-06-11,data/events/2019/06/2019-06-11.jsonl.gz,1953c8bed64881f6d6ec543568bd5ee2daedce018643a5a520625f79da930e26,1,1,0,0,0120190611da6b2238aaa14d6b822b93749d6ccb,0120190611da6b2238aaa14d6b822b93749d6ccb
2019-06-12,data/events/2019/06/2019-06-12.jsonl.gz,9338a195a227aac4e76c50d1f23c66aee56bc09ed4bd8960a7d4c105ea33a151,2,2,1,0,01201906131aa2497fbee124c6ccd87fcc5f9f7f,0120190613255234c0939e0939bf7ec134bccde0
2019-06-18,data/events/2019/06/2019-06-18.jsonl.gz,d44a24de52dc2003f25f8cf03b774f02079e7d667e0827bd9ed4a460475393fe,8,8,2,0,01201906184dea15b0983d16cae9c5f5e3c4d15c,0120190618e84cca1639effe07b59f88fc4b9182
2019-06-19,data/events/2019/06/2019-06-19.jsonl.gz,8680a96c5cdc9ef7753d7588bf865a61e678f4f75f6008820bf4a27c7ba0d72a,2,2,0,0,0120190619607b3e735eb5ccab5add5f1bda4b3c,0120190619d71448662b4f12c5a754a5cfce0bf8
2019-06-21,data/events/2019/06/2019-06-21.jsonl.gz,583ece91dc76cc3b46ae3a6fcbc5df72b6dffc8a88f91168dd9350ad6a35f376,4,4,0,0,01201906213d476f348edcaac5a960f07a6babd2,01201906219ea20f64aaa54e48ce2f91893d38b2
2019-06-22,data/events/2019/06/2019-06-22.jsonl.gz,dc2b069b7916154e8684af99a10b0604799b1ff67b84c6c12f19b564477fbcb2,2,2,0,0,01201906221bdd79632b3261d471dc6ac8450b07,0120190622dc0d73463bf6fd854786b325f20902
2019-06-23,data/events/2019/06/2019-06-23.jsonl.gz,5edbbd379e2e2e4dc76f9c569160ee5a27bd2e3d34a4a7c6ddbd3a1914bedebe,1,1,0,0,01201906234e0d0691cdc45b0faad4d64ae820a2,01201906234e0d0691cdc45b0faad4d64ae820a2
2019-07-03,data/events/2019/07/2019-07-03.jsonl.gz,ba0cef39b02be848880d1c693ae2a4effc87255218023f441f5b2399100bdd03,1,1,0,0,01201907036bae78433eca723986760467e5c414,01201907036bae78433eca723986760467e5c414
2019-07-07,data/events/2019/07/2019-07-07.jsonl.gz,f75fd4ab8105620aa05c9da03bff192c2b007e4a1586a5ba97557bfe84da4337,3,3,0,0,01201907070d0c6363bfacaa94e320790dca364c,0120190707bdb22ba90cb265a6cd7e8b3096197c
2019-07-10,data/events/2019/07/2019-07-10.jsonl.gz,3192e65899aab2abf776807fa74670aa86c62994653a916533a1e305d81e39b9,1,1,0,0,0120190710b329fa094ba5c5c853031a51e2b853,0120190710b329fa094ba5c5c853031a51e2b853
2019-07-23,data/events/2019/07/2019-07-23.jsonl.gz,cdbaee8741c9c712769f8cf29ffa7c807ce5be294c9cbd34f288a1f746ba1849,3,3,0,0,0120190723011409df65d2814c8f532764bf64e9,01201907236d3c404a09956e6fa9fc1efca4e6c8
2019-07-26,data/events/2019/07/2019-07-26.jsonl.gz,61af759fd34709d65de90e00044e5d7d5f1b7d07b08dfdfcb3bc0b3dab0c46b4,1,1,0,0,01201907267653991b47c9b1c38647726fd610cb,01201907267653991b47c9b1c38647726fd610cb
2019-07-28,data/events/2019/07/2019-07-28.jsonl.gz,41c1e933953c2c4c9d6d7ebf3c36efbc80de59b83f1b626f2bfe1b1a623b9e48,3,3,0,0,01201907280e540e8b2d6be178a22a1b691564d5,0120190728b432eaaba15e135c5b5e7a3e536377
2019-07-29,data/events/2019/07/2019-07-29.jsonl.gz,b9ae29e82011cf7d2c287e5390848a6914cce93b2bdeaacffc6e576394947e92,2,2,0,0,01201907303944af2fc8fd1c3c51142ec996ba74,0120190730a783a224ce99f79242c525cb6ab1b9
2019-07-30,data/events/2019/07/2019-07-30.jsonl.gz,2e0d1280dd90fb19e7f13a064732260088d449aa50ee9fa8255d3dbfc2a4e8d2,3,3,0,0,01201907301ec16aadcee6a5fec2243cf930d149,0120190730cf694d0e556bd8503cd2765e41c292
2019-08-02,data/events/2019/08/2019-08-02.jsonl.gz,7d95761d9d81dcad640f727d54ec07e9577d0de566401e59d9c737730217262a,3,3,0,0,0120190802884658c75722db53c7eac91aab60e7,0120190802c281d170ebe4ea4e0c25d9a978bc94
2019-08-06,data/events/2019/08/2019-08-06.jsonl.gz,b7de5f1479253fa8c59ba74a42f876ce6ff6bd2943a5675b0bb4452c6659c664,5,5,0,0,01201908060ea541aecb42e29d3fc80a039091fd,0120190806b31be2c2a1a19579f0df315f223cad
2019-08-16,data/events/2019/08/2019-08-16.jsonl.gz,92fd8d88444a64ab8f875bb7771857df830d96d1a625b4e0ba01d73425af771a,6,6,0,0,01201908165794e6014fc5d515db958ee324df38,0120190817ff0afd3cc9c95989264ee3aa3d8e7f
2019-08-17,data/events/2019/08/2019-08-17.jsonl.gz,78698fcb658c159e2a30b9804c02c249e592367848fa2776017f54dd01951b1b,1,1,0,0,01201908172f0213778d88d325ee26aa5aef5a47,01201908172f0213778d88d325ee26aa5aef5a47
2019-08-23,data/events/2019/08/2019-08-23.jsonl.gz,27a2f0635f8bb31af50ea17538684ca88387cc3b2a1ea3fc0010177d9e8d4d35,1,1,0,0,01201908234ce983de8708e3797c062813cd0c54,01201908234ce983de8708e3797c062813cd0c54
2019-08-24,data/events/2019/08/2019-08-24.jsonl.gz,3d21da54daee875a7048b8d8d470bcbe1914b70d2e3cc0fa0ad712557050ca4c,1,1,0,0,0120190824abb9ae4a8a7b7d781ac4b66aa3d840,0120190824abb9ae4a8a7b7d781ac4b66aa3d840
2019-08-26,data/events/2019/08/2019-08-26.jsonl.gz,886286a517678769a6b2d9b8a7a6f810fd7beb8fca0192deaf3d57c057f5a8a4,11,11,0,0,01201908260baa4756557ad85a073116a1e87b8c,0120190826fa31c15f00282c0cc3b6c38183e0a9
2019-08-28,data/events/2019/08/2019-08-28.jsonl.gz,8a31ab73328577d25a127df802f7e40d81b0fb5524fc34f67199977196cf6e7c,3,3,0,0,012019082821f420f3edfb0776eda5844cdc32a0,0120190828fdf09a4862ae20d1a533bdd08f9eac
2019-09-01,data/events/2019/09/2019-09-01.jsonl.gz,3ca4e0950695f137a7b5366dcefd9f79bfb18f30ad539edbef1e93cf08331cb0,6,6,0,0,012019090117d106688a6d120ddd8fd0dfe19241,0120190901bd9df5b1fb76d7329f09e5fb195b7a
2019-09-02,data/events/2019/09/2019-09-02.jsonl.gz,8ac39f5aaaf14e6c853d032b0252a17270602cc3a0aeab2deae7a5be38700b2f,5,5,0,0,01201909020a3d9b18c7b936d04dfb32050dd7d3,0120190902784e8f803b5c741466edd992418892
2019-09-11,data/events/2019/09/2019-09-11.jsonl.gz,f5d448ad49dfcb609e830faebace3481c28fe56527da85f626bbe30c5f06c5ff,4,4,0,0,012019091142210ba4698db0aa74c314d18380b6,0120190911e62329ec1e4a22a6a95ce7f878f1c3
2019-09-14,data/events/2019/09/2019-09-14.jsonl.gz,eb169b78956ea4ef2237508a7e419efdd8940f41923e278ecdeba8559645a0a0,2,2,0,0,01201909145ece659adee10dea7c249cc1b6b174,0120190914f0173acdd0323cbbfa10ad12879701
2019-09-18,data/events/2019/09/2019-09-18.jsonl.gz,ad2f91e676174efc58b23857276668de132c7b69ba35fe57257c69d7a562f301,3,3,0,0,0120190918700051b99df13556a3e80d7adf70b4,0120190918cf91c34a5bafcde7b0fda3885c7bdb
2019-09-19,data/events/2019/09/2019-09-19.jsonl.gz,90dddf7c3f1c04fcf58d8041bd003aa9aa780a095abb50badd0f80ca257fdf34,2,2,0,0,01201909190c8a0e9412a53baebaea597d03822c,012019091937af45e1c679fbc44d59acba4dbb04
2019-09-20,data/events/2019/09/2019-09-20.jsonl.gz,6b44eaf907e670320222bc10b675965cf58d583d62db8c9e52213d15af81e58c,3,3,0,0,01201909209e8b97452f8e642c6ccbd54c8c2bc6,0120190920e29f8e2ea9e9b1966a402423261ff4
2019-09-22,data/events/2019/09/2019-09-22.jsonl.gz,42b73eb727b09dc7f871432335a4a7c68efb8c6ce188b698347b6d8d71e26ae1,1,1,0,0,0120190922f060101ebbfadece14a24c55b0dae1,0120190922f060101ebbfadece14a24c55b0dae1
2019-09-23,data/events/2019/09/2019-09-23.jsonl.gz,ca4821632181bc670ef9294dc140bcfbfda3c1a39a364480adf9526652299549,10,10,0,0,01201909231542b9dd0ba89a09dbb103d81b1f41,0120190923fa8a33327bb9e6f3110375e9debd98
2019-09-24,data/events/2019/09/2019-09-24.jsonl.gz,97e785615b1634570d28c5623ba581ebdb835c9f3d4f8c4f3c7c37dc889fe28f,3,3,0,0,01201909240497ce84a1503ba219e950a8c75346,0120190924fd01198994b75e9f4a03859aafe1df
2019-10-07,data/events/2019/10/2019-10-07.jsonl.gz,6dbd0e347b589086b4c93d290093eda50bbd5ab1b2b3c91ac9c6e3373ef0bf91,1,1,0,0,0120191007f5a8100b998b694aeb56a7071897bf,0120191007f5a8100b998b694aeb56a7071897bf
2019-10-10,data/events/2019/10/2019-10-10.jsonl.gz,252d85d349d75b249225d39da5f7687bbfb64d823a9499e528aa462d46d6a22a,1,1,0,0,01201910108cb7c94fe72311d5af902e3cbfb284,01201910108cb7c94fe72311d5af902e3cbfb284
2019-10-14,data/events/2019/10/2019-10-14.jsonl.gz,fd2426a91ded48cc5a98bccd3880ae0c7130e387ff370bc3d2736131c8ce6172,1,1,0,0,0120191014c842c39215334f4874a44d5cd1a71d,0120191014c842c39215334f4874a44d5cd1a71d
2019-10-25,data/events/2019/10/2019-10-25.jsonl.gz,99424f25083eec36c47c949eeeb7e1da8164038e54b700f081939973c25bbec5,1,1,0,0,0120191025a7b021aeff48db809d41d637d47077,0120191025a7b021aeff48db809d41d637d47077
2019-10-28,data/events/2019/10/2019-10-28.jsonl.gz,cb669c96ab1278d321c6dcda796ea02180ab1e06cc6ba20e909593ae3421ba2f,2,2,0,0,01201910289604a0bcd84f5161859527c5428c1b,0120191028a8379736fe86d1b0cb8d1cca021356
2019-11-04,data/events/2019/11/2019-11-04.jsonl.gz,40b85f4d01ba88b6e12cf2b17b2da8c9ffd495c10b3c628bc99eca18df7afe06,3,3,0,0,01201911040482a01d7afc9f4a6886ede0729c57,012019110474576687ef016732d9fd8ea9c03a89
2019-11-06,data/events/2019/11/2019-11-06.jsonl.gz,02fbcf768911c05caee028532e03b857b200c7e4c8c05637e6960f065f1aea17,5,5,0,0,0120191106302d948682919d6a2fc2dd0a199f2e,0120191106c3e2982abc84cc8619299adcfab8be
2019-11-08,data/events/2019/11/2019-11-08.jsonl.gz,d4882a08dd6a6bb3a21eb85a682f5a8a5374989b4e55827022639c5ad699755d,3,3,0,0,012019110837451e1968ef4bee404992439a2d8e,0120191108a5d83bc78fd7b71a091888257a48cb
2019-11-14,data/events/2019/11/2019-11-14.jsonl.gz,76ec1d772ee2e1c8531b301556ae438d058702c065674fe3eb962a877da888b2,1,1,0,0,0120191114cf021027badfefa577d3f225874e37,0120191114cf021027badfefa577d3f225874e37
2019-11-17,data/events/2019/11/2019-11-17.jsonl.gz,648ab1b365715a4ad20d96d5fec169654da7f3333a83e3eb1bec19b0084d3825,2,2,0,0,0120191117060e00eb4f9e4f5388b2e953c6bdd5,01201911170a75456bfe244b4ef2abd4621edeef
2019-11-21,data/events/2019/11/2019-11-21.jsonl.gz,588752666f2c95208819b5bf8d9d33d3b3351e3712111626a3cb008f4b1a91d7,3,3,0,0,01201911210596f66ddeb7da9a136618d020cc1a,0120191121fe09b72859b9283478f40cb4e950c5
2019-11-25,data/events/2019/11/2019-11-25.jsonl.gz,5a71445a96993827abd60c6fbacd6e66a385e24be40c951dfc7e0f340c637b3c,5,5,0,0,01201911250567a8d19340a1ef887f0891b09f92,0120191125a40288303003bb51afb5b4e06843f1
2019-11-27,data/events/2019/11/2019-11-27.jsonl.gz,63c23855b75849c4049758e9111273000fb8fa70ded2b80aedc69d0e6bcd2c1e,5,5,0,0,012019112729ec2bc1d4f8e45dad0874ce5a64aa,0120191127e22ea3278896768f2913f011d02f36
2019-12-05,data/events/2019/12/2019-12-05.jsonl.gz,acb9ae31df2ecf915ded1c34f3a20d70d8041e2b086f79942e8b38bac8c9a1e1,3,3,0,0,01201912054ee6f879e2358d8f0b8eef6552698a,0120191205a424585e9614a19b9f5b71966f1afa
2019-12-11,data/events/2019/12/2019-12-11.jsonl.gz,eb84cc6aeca84cfbbe00ce1f7261382bf3d42f0ceff8d7d1f2be2e381eec622f,3,3,0,0,01201912110cd7af2cf3cfb96a7053ffdcf2565c,012019121122527ab531032907911249f60b3694
2019-12-16,data/events/2019/12/2019-12-16.jsonl.gz,606076289e1c64abde34f40f00eacff46c9cbd2a216520e6ececdcf52ec734b0,2,2,0,0,01201912164b77ed7665a0dbe279baabf16e8865,0120191216a14728ffd9712880830f3b0fe73af0
2019-12-17,data/events/2019/12/2019-12-17.jsonl.gz,d3677c2f09c06fd9017ff2cbcbb9d5d96cad237425b195effbdce7e7f59cc90d,4,4,0,0,012019121706b2e5913f6f8d45b69d1256997048,0120191217f63233fd0267a32cf736fd351fb9d0
2019-12-18,data/events/2019/12/2019-12-18.jsonl.gz,78d41f808d85984659e63f72d1b7ccee9cf93cd7e997840caa3ad115821b6b8a,2,2,0,0,01201912189a81375edf4219daf1d1dab139f502,0120191218bd79336f9b32c935c4798f80c8b97d
2019-12-20,data/events/2019/12/2019-12-20.jsonl.gz,293627eaa2b1d33ec51955da9fbc2ff66aa64df0fe707c2b7839934f3d7a5929,2,2,0,0,01201912200c794106a76201c7bc5fb4125c7afa,01201912205218bfb7f2e08f99e78ec8a6fadcc6
2019-12-21,data/events/2019/12/2019-12-21.jsonl.gz,fb5803c56f0552e8b47e297ac5ab293ced386fa69864877785ba94058e8b5a7a,4,4,0,0,012019122130935ebbf7ec9a32535daaf61197af,0120191221e4109b45c78269d6323910a723d946
2019-12-22,data/events/2019/12/2019-12-22.jsonl.gz,7f713805eee8114fd439cb8842d316c89169ebb5958ff644547f73e1ffeb81d0,2,2,0,0,0120191222053f1826c9270b33d34e4f542402a6,01201912228a843e0474264b8272283f6fdc22fd
2019-12-25,data/events/2019/12/2019-12-25.jsonl.gz,18d3789e5a1bd4435ff80a78bec084203becfc8f6c5f12d68691ddbed96fb408,2,2,0,0,01201912252eedf797d1456c32740c093adca2c6,0120191225720c186ee3e323a6239ae7a7b4c786
2019-12-28,data/events/2019/12/2019-12-28.jsonl.gz,a2fe1287f956c98b3e095ebc62b695709c9ed1d3325299188a2e0b47887b41a1,1,1,0,0,0120191228d1ee7b8683383297f9ce85624f121b,0120191228d1ee7b8683383297f9ce85624f121b
2019-12-29,data/events/2019/12/2019-12-29.jsonl.gz,7b8835e9fe993020280fdb430cefac04a732495f8853d7cb4c5aba3973de8798,3,3,0,0,01201912293eae375cb4580bab7ad7cf0cb09da1,0120191229db0a826a5ebd5e5f3b5cdd53e9c312
2019-12-31,data/events/2019/12/2019-12-31.jsonl.gz,58e7b8f59f40ba5740543014ebe8566479699824662d575030512c7d8fa60573,2,2,0,0,0120191231658bb97e3d7e1c0d7d588b45830fe8,0120191231d8fb91b8db2b12511e88d0b82de422
2020-01-13,data/events/2020/01/2020-01-13.jsonl.gz,fb451c5d6d14301f582a2d5110e19513fe342037dcc37a515e44b70bfaab3195,9,9,0,0,01202001132a0f60934fabfb20d397ced0313863,0120200113f730f0296bc5864680c46dc2d4fb91
2020-01-21,data/events/2020/01/2020-01-21.jsonl.gz,e42c51db62c0abd5ca73bd572ca190a766bbcf30e24176813cd12b474319080d,1,1,0,0,01202001216fa46f8b823acbfd5ec1d33bbc293b,01202001216fa46f8b823acbfd5ec1d33bbc293b
2020-01-31,data/events/2020/01/2020-01-31.jsonl.gz,77fc4f83d318c41deff7301900f1328484eb35ffdf5884b9b51c42bf8cf44b6a,2,2,0,0,01202001312eee6da70b62717a09433e1555d2aa,012020013165cb0b2742fa8840120197faf54fb1
2020-02-04,data/events/2020/02/2020-02-04.jsonl.gz,90034ec4b2e7fe52ec8fd90bb507152a15d3d5cd1ccb43d07aff7d408c1205f8,1,1,0,0,0120200204d2c3a994895fe6f9d449f360577fac,0120200204d2c3a994895fe6f9d449f360577fac
2020-02-08,data/events/2020/02/2020-02-08.jsonl.gz,68deb26bd12fd294fb6ff409c69c28764f8453ab8a14a80fa0f63269f831d6f7,2,2,0,0,01202002080d5ccf1d01b1690535a7c92a652401,0120200208c146feeaac00b39fd2236fa5c6945d
2020-02-15,data/events/2020/02/2020-02-15.jsonl.gz,0c6ed6c067eb0125a5f3804e2efb7514253270b0472f8a7c19519a2ca7aaf066,5,5,0,0,0120200215578683ffcbe6851674c62e96278476,0120200215c45cb6984927eeeb4346141beb1ee4
2020-02-16,data/events/2020/02/2020-02-16.jsonl.gz,a3addf30ab98f51974cad73472f10e25f8f816326ebf287ec771ca19147e129a,3,3,0,0,012020021679eb37e7c64572fc800a152ea312b5,012020021757dc7c7d02ca51470f4cbfb38d36b8
2020-02-19,data/events/2020/02/2020-02-19.jsonl.gz,1e5ce9939ed95f3df9da87b686293598c049c34aa1be5d20b46f2cf1a4572b81,5,5,0,0,0120200219342b3f80263ce05280b71f0bbb76b2,0120200219ff28aae274922d42f29f0939b06e90
2020-02-23,data/events/2020/02/2020-02-23.jsonl.gz,97bb9774edc5448e0ee89a214bab29d976f194e6992e638ea4a6d0eac9b5516b,3,3,0,0,01202002235803b4f4745902b0f571c101d1c7e9,0120200223e7daf8a583eda7bb497dca4f8e09e3
2020-02-27,data/events/2020/02/2020-02-27.jsonl.gz,bdf82c6037782ad0417018eb4e8e857428b5b43702244ed47ccccd510494d7d3,3,3,0,0,012020022751c4cc8831628947a46de9ab765e4b,0120200227a24488fb713644d02ea23a24b906f1
2020-02-29,data/events/2020/02/2020-02-29.jsonl.gz,6598d22eb934e11d90556d1ccf100d41c680f99c3ff3c34960c0892a22f27285,3,3,0,0,01202002294688b68ead9b456e2f3660ad5b3d67,01202002297b6b89b8f720c60edd792e6164f394
2020-03-03,data/events/2020/03/2020-03-03.jsonl.gz,4149e4033d1116c399b0e0f7609a7f814c9aaf4516e8e05494c0ba4ba21e26f5,6,6,0,0,012020030335ada955ff263dce49bdf0bf6c51a3,0120200303ea920aa9b28ba9b217fd7aca659c99
2020-03-08,data/events/2020/03/2020-03-08.jsonl.gz,72ad582d06bbc439a0021382e86a1df45cc28b4fea3caea2ccd092df7f3dd9d0,6,6,0,0,0120200308089ae48f3fb016b740f13d2c2615c1,0120200308ea4a7633e039fcd774263c2ad6d5ec
2020-03-09,data/events/2020/03/2020-03-09.jsonl.gz,6d7dcf5efd2ed9850a80d33dc3beb63351fa18c35c1d9512e369d2fffa21d310,6,6,0,0,0120200309266ddbb3b0c795523bbad1bbb98720,0120200309c53a70450addafa9ce8472bd7b563a
2020-03-13,data/events/2020/03/2020-03-13.jsonl.gz,adf44d8c881f0ae213b7da69cf37636bf156a134b807e5bd45af52af6c9034e6,1,1,0,0,01202003134e1184e48b6f580c660d6f8cc286cd,01202003134e1184e48b6f580c660d6f8cc286cd
2020-03-16,data/events/2020/03/2020-03-16.jsonl.gz,59e5f03e36e86c1598692065a365ff4a6e521b4a20f25a38dbe405b1e2da5e71,36,36,0,0,0120200316003427f9bca7a5638bd85d87eeee94,0120200316fe489546665f24b6d72f3613f31125
2020-03-19,data/events/2020/03/2020-03-19.jsonl.gz,e5790ddcf3db515e129140e08f41aef42d5936b86b0269b7dac7a3a823ed49a5,1,1,0,0,01202003191f54c02652606743caa0eb873c2ef2,01202003191f54c02652606743caa0eb873c2ef2
2020-03-25,data/events/2020/03/2020-03-25.jsonl.gz,2ead2488dc71ef96e63e825a4237d3cc7d9686b5a3603ad081d09033c115e72f,1,1,0,0,01202003259bc99ea300fd00b6218445bb6c9221,01202003259bc99ea300fd00b6218445bb6c9221
2020-03-28,data/events/2020/03/2020-03-28.jsonl.gz,f437ffa111d37bd87a699ac0cd455f5d44b8ce1a743b13da3dddeac7e4e36113,4,4,0,0,01202003280f2603cd363fa039fdd70ed1ddb51a,0120200328f972620a16b7b1bc98899469f08622
2020-03-29,data/events/2020/03/2020-03-29.jsonl.gz,fdf2df3ddefaf73a986b324f4bd04bd42e8d7103211163c82f9e411e5e730298,4,4,0,0,01202003296622a603e73270882608d689adbb08,0120200329fc061f46792e881226d1a105aca7f5
2020-04-02,data/events/2020/04/2020-04-02.jsonl.gz,efc6d084f4bed2cdccb47018a037b2d841485f414cdabd6d52a3ed31876ee498,2,2,0,0,01202004024589a215dc8aa58616e9a9939f3577,0120200402d412896c382d3f4f8c0b5f1c23e9b9
2020-04-07,data/events/2020/04/2020-04-07.jsonl.gz,cee76687f04324bf02160524eed9e2072a139f32fb3585e93d912969f206fba7,3,3,0,0,0120200407cd00da6a43e009f828eb3d2a85fe7d,0120200407da35c00024d86273753701c81b10fb
2020-04-08,data/events/2020/04/2020-04-08.jsonl.gz,f7e2d7bce8892df7ae08128fa67a2d16135cc11d1ce58b04f5c8a3a098517f0f,3,3,0,0,012020040882cbe662d6957b15edea0d0aadbb76,0120200408f707b81bfc80699dd8c293c3a12898
2020-04-09,data/events/2020/04/2020-04-09.jsonl.gz,1075311bbc56dd00d203eb87a424fa9a6c527e3f5eb3af5cf69277d8b2aad5aa,1,1,0,0,01202004093ec038f6508a99e5405fb7e62aa2fa,01202004093ec038f6508a99e5405fb7e62aa2fa
2020-04-10,data/events/2020/04/2020-04-10.jsonl.gz,21d2178822ef2e6a475580f88a4c972e30af378449576f3912e0740f0d9c080e,1,1,0,0,01202004116a20f7611c21077630a3de69a6b99c,01202004116a20f7611c21077630a3de69a6b99c
2020-04-26,data/events/2020/04/2020-04-26.jsonl.gz,d0893a99e800cb16b8ea5b343c6032b5190e1f7c2d3ac58f1b188fdc4bfe9ed8,2,2,0,0,01202004269a4efc16feaa898e12ce6faf2cb73c,0120200426e246658460596fa40e452fd27800f8
2020-04-29,data/events/2020/04/2020-04-29.jsonl.gz,ae55e2af987b1cfe28629552e1d2d949a5cfbb0a8bf4708cab630669e2919519,2,2,0,0,0120200429295f7395c26807acc54575c4134fc4,012020042999165191afbe7b3adced41f27bf597
2020-05-06,data/events/2020/05/2020-05-06.jsonl.gz,4cbadf378de019d000d8b4a5daaafb18eed1fd342cde2e413233421f627dad33,1,1,0,0,0120200506519fc6c82a803b02a3ab45fdc9ba79,0120200506519fc6c82a803b02a3ab45fdc9ba79
2020-05-16,data/events/2020/05/2020-05-16.jsonl.gz,687a38bfb01f8c975afed63eba7b3f1f7544640401616b2a625341dd6ee43232,2,2,0,0,01202005160399adeb8738d0fc227d158be8b66d,0120200516bef29dad2946efc50d50125e46b6cc
2020-05-23,data/events/2020/05/2020-05-23.jsonl.gz,b16e274a703f4da52b2f849818441f92eb3ecf910616eb2b3c05b970602fe86a,4,4,0,0,01202005232071f91c6810890b150dd95c7b3c23,0120200523f692ccc98ce4372032c834eb0a0022
2020-05-24,data/events/2020/05/2020-05-24.jsonl.gz,15fb1d018c6a5e0c8c64575dd2767f3fbdbbd96bacd4b4bd7a61c2b16639ef0a,5,5,0,0,01202005242ad3dc9882b90ee839c01ccf555c55,0120200524c5611b485d03762e5feb9079875e27
2020-05-25,data/events/2020/05/2020-05-25.jsonl.gz,b5039f87677876ef22c2073433696e28ddbbda4f87cb68b3c5dfd3b6ccdb1ba4,2,2,0,0,01202005259d6dba16eca4a8176badb6cf1a092f,0120200525d39ae181585248099f396ed3404c3e
2020-05-26,data/events/2020/05/2020-05-26.jsonl.gz,392cce5167a9bd81897c5441e6946533b81ba8506938f4e9dadbeaceaf407a3c,1,1,0,0,0120200526c3dcef55e84fd3c3899dc0af71ad29,0120200526c3dcef55e84fd3c3899dc0af71ad29
2020-06-02,data/events/2020/06/2020-06-02.jsonl.gz,c8fb46bc0447e6c9e8c407604cba6579a0698f460c4780ee4a05f0d4ad6ac890,4,4,0,0,01202006023e98b6fef0ae721022405341d0d7a3,0120200603de3821897e5e721f3172dd8a80e89f
2020-06-04,data/events/2020/06/2020-06-04.jsonl.gz,395c4233c3f82fec68947c4071a4111c3691243db7ad21bab124a06e2dcaafeb,1,1,0,0,01202006041f084e8522a84672d46b1e3678b30e,01202006041f084e8522a84672d46b1e3678b30e
2020-06-05,data/events/2020/06/2020-06-05.jsonl.gz,7aeaada0b12453e6ce63540d9b6ec7eb0486008448717af4f8f694703aa4c444,1,1,0,0,012020060526061cbcafdc95cceb4e70a2c89e07,012020060526061cbcafdc95cceb4e70a2c89e07
2020-06-13,data/events/2020/06/2020-06-13.jsonl.gz,ea2e5a4e90bd6785f4bafa53309792ba9853cc2880c00ec0be47996709546dd8,3,3,0,0,012020061309bfd5ce6b9112e0b7a1d170abe109,0120200613da244b3daf388bff0206685e814d5c
2020-06-14,data/events/2020/06/2020-06-14.jsonl.gz,f87d555b699ea93e6edcd4de1a30cc9a4be0fbf052186ac5d7498665fe5ce675,5,5,0,0,012020061503f1a676f9d94af1c16a2081e74839,0120200615a6c2e028163ad3266f23097685aa2d
2020-06-17,data/events/2020/06/2020-06-17.jsonl.gz,604327a96f3f8234da1742d865f5c6bb1037c483f2124ae4df9a1459205f9f56,2,2,0,0,0120200617383cfc729f517ce784b1f3fdedcb23,01202006176b01a567863076e5426979eff35d83
2020-07-05,data/events/2020/07/2020-07-05.jsonl.gz,46de19b7ec1d7da4301194900d55802a8d070ad807186b96eb9c808de2608e84,4,4,0,0,01202007052c85a7f9557b2a5a7f2771d5b11007,0120200705a9a3e90ea308a58cb81469df7df1d4
2020-07-09,data/events/2020/07/2020-07-09.jsonl.gz,5dd6219487370e8295f54057e64e2602ebf21e8b4a26421fadebd819dce7dbef,1,1,0,0,012020070913e43d7d92142cb50c40c754b3fa94,012020070913e43d7d92142cb50c40c754b3fa94
2020-07-12,data/events/2020/07/2020-07-12.jsonl.gz,7669a5bc8e2fb39e8930ede34998f09d2aaa725cea41a037526ff66b7aeeecee,16,16,0,0,012020071202412316363559fb9f4107fbe4b5a8,0120200713a0ec15065c26d6d061f9b1dd88f6ca
2020-07-13,data/events/2020/07/2020-07-13.jsonl.gz,020da00cc7d8196ccf3a72262088ea3a23234e066fa2ac14e9e2d5cdd73feda4,21,21,0,0,0120200713070dffd3dd0bc054d6cfabc4dfb02d,0120200713f6e93c9296da8c8222c0ddba820e79
2020-07-15,data/events/2020/07/2020-07-15.jsonl.gz,d5eccab745ff1dfdfa598419a8b379f235ad33bd66710aa59dbac4b831e4ef8e,4,4,0,0,01202007150281f963a7b6295e26a930fd6aa4b5,0120200715c8238f70b1a0bba5152d5470fc2d59
2020-07-16,data/events/2020/07/2020-07-16.jsonl.gz,21d1177f02b4203039e18bb49647a414624d417a664cba7b3dde6307b43d681e,5,5,0,0,012020071631e5a6ec39515dddf1936881695637,0120200716c275bc711c65dd02047535b03589be
2020-07-23,data/events/2020/07/2020-07-23.jsonl.gz,eb8f9047b281813d769f2bf1cbf9b9d2ae553ba059a30a15661254b44b9cf2b9,1,1,0,0,0120200723445e5ddfc6b51394ca706d02bdcb6a,0120200723445e5ddfc6b51394ca706d02bdcb6a
2020-07-27,data/events/2020/07/2020-07-27.jsonl.gz,bb7fb859623732f373aa0ddc4f0fca8723b8ccf05c51d717a7e165c81fcbd469,2,2,0,0,012020072723adfb59f6f08bd7e3af1af99e3d9b,0120200727dbf86820f6b489a91dfa9778365e77
2020-08-01,data/events/2020/08/2020-08-01.jsonl.gz,716fb0996c347e5aa8ec42b0325805668f5806eddb647708e099e4dd7cc6e0d9,2,2,0,0,01202008016579bbbff2e6f35fb57397cfee1143,0120200801ce320f6ffd14349198f574212d435c
2020-08-03,data/events/2020/08/2020-08-03.jsonl.gz,f785e8b8bcdfb72f9d9f1570f7d7696592dbe6d1d7cb0e2d926252d29bbf9411,5,5,0,0,0120200803456aade688f7da3316ae73b1017383,0120200803ccb96682b61a87ea951d72f28c0e23
2020-08-05,data/events/2020/08/2020-08-05.jsonl.gz,8c5ca97d77a175343de79d46a6333dbba09e15e6c69a860d984413b783f345da,3,3,0,0,0120200805120c479e6849da05ab2b5cfdb33d8c,0120200805c1746739c63a07ba18cd27466f35ba
2020-08-07,data/events/2020/08/2020-08-07.jsonl.gz,b552ed8187b779ef62a0da588052b497a68e7d41f38522acda2cb0641e8e6829,1,1,0,0,0120200807d0cd7737a1ea7cf2e5a97770b64c0f,0120200807d0cd7737a1ea7cf2e5a97770b64c0f
2020-08-10,data/events/2020/08/2020-08-10.jsonl.gz,4fadfa52eb229f9ea33805b982f843ba4ba3c98b11746a3b207de54466400d2f,4,4,0,0,012020081003cd8adf8aa0213a2df1872184be36,0120200810ce2a56f878fcb1921d060cd85d1e4d
2020-08-16,data/events/2020/08/2020-08-16.jsonl.gz,13021bdebd8d8b4e7ef69dd5a3a614e0164f948ae51dc82554a84fec42c660d8,2,2,0,0,012020081602865d83cd7473734d005ebd29bd12,012020081654f58a6d75fbe32ade162a74b4f87f
2020-08-21,data/events/2020/08/2020-08-21.jsonl.gz,c35151c44379ce642959bbcc4a6d00ce567b707cf7c23c56cb8a43efe943fe79,4,4,0,0,01202008217078c248bc92fc3ae9fe5914d7cce3,0120200821d0aded68d3d0a02ab2fb3a237221ac
2020-08-30,data/events/2020/08/2020-08-30.jsonl.gz,886dc6d1feaa7249de2b1281146b6761a3db45a982b73cca44249fce1dde9cda,3,3,0,0,01202008315c5874e1c78aaaa26031d2c9c57725,0120200831c9176bf88cdaac334b17509609477d
2020-09-03,data/events/2020/09/2020-09-03.jsonl.gz,4566fa7fb1405bee16490b4f7f1878701f398d6c6155e4b4b173aa91363fab34,23,23,0,0,012020090301e19dd65413ffe8fc7bee8b621652,0120200903fbe0af586b74a504be509ff8f4c02b
2020-09-04,data/events/2020/09/2020-09-04.jsonl.gz,c728b83fc0e50fa9476a5d5b7a7bfc9705432107276f07c3fc90e12943e85405,4,4,0,0,012020090411baed97267b6a0e29128b490ffa34,0120200904f0731b7dde15620f94630a495ca959
2020-09-06,data/events/2020/09/2020-09-06.jsonl.gz,d15a3e9958027c402d782e42810547c8ed745ea218a1a7328fed55d4784534b7,2,2,0,0,012020090729ca411487cbf90c332b6be48bdf22,01202009077787f9b3f16c58cb968bad2d56324c
2020-09-12,data/events/2020/09/2020-09-12.jsonl.gz,76ce41c2cc8529d3577753c2d9da2fda93839674896581296eeb8bba93a3b54d,2,2,0,0,01202009131103cf435e39821da440d511a5c4bb,012020091388facc0b8c72c82502d68fdd9d59cd
2020-09-14,data/events/2020/09/2020-09-14.jsonl.gz,7194ef80e2a8abb4e0667a6e9ec8ebe504764dd37e92b7df3ae29bb164c3b875,1,1,0,0,01202009146716931f1cb222631f81eb89972b80,01202009146716931f1cb222631f81eb89972b80
2020-09-15,data/events/2020/09/2020-09-15.jsonl.gz,3bb4ec48783455cfa4a0b014623607bbf5c9dbd7d282b8ced65b7383a398651b,3,3,0,0,0120200915691f79f71b14cb676b256fe12e4895,0120200915eb4b1f2665b3b8216d457ad2d997b3
2020-09-17,data/events/2020/09/2020-09-17.jsonl.gz,d6d39a8882b2fb7e0266f237a04d38a62b6a8f61cf584c5287ce751143f4265a,1,1,0,0,01202009175619d392b3c9c2f1a708997832dde9,01202009175619d392b3c9c2f1a708997832dde9
2020-09-21,data/events/2020/09/2020-09-21.jsonl.gz,aa00cd40de1ac368670c40fc43737118366748bf271e9c87e1519c27c38f5fd8,1,1,0,0,01202009216cf7b25ddada8e85a2e23eb300bad1,01202009216cf7b25ddada8e85a2e23eb300bad1
2020-09-22,data/events/2020/09/2020-09-22.jsonl.gz,8f0d5f6699277997b8a5cb0aa286bbc22847b68aa8d4bb39e486e3274616c897,2,2,0,0,01202009225d547b6d55b731efe369c9798f91f9,0120200922732559aab972d4f170149fd3ab8453
2020-09-23,data/events/2020/09/2020-09-23.jsonl.gz,e15143dba124ad0a04776f6a70aa004b8cdd6036fd8bee720985631bc593c385,1,1,0,0,012020092358cf6dd3c163b835b29b6420ba4f93,012020092358cf6dd3c163b835b29b6420ba4f93
2020-09-25,data/events/2020/09/2020-09-25.jsonl.gz,adcd86c9966c7fa8ef8544144d684a7b9c8ec7dc7b852a20b4bda16c010b921c,2,2,0,0,012020092541d8174b7b4b3a3df746da208b3e4b,012020092546445569e74d29894ef78a429b6609
2020-09-27,data/events/2020/09/2020-09-27.jsonl.gz,6629775e80560e944fa4cd8812c3205e35702d49acaaf8282f05d4cea628d44b,3,3,0,0,0120200928334b8bf10ebe64ce83dd5272dea3a5,0120200928e03f0f215f2c4818f4193d2afe9215
2020-10-19,data/events/2020/10/2020-10-19.jsonl.gz,f1522c9ef8b329d1dc68d3b9e2b92dd5e6aed1f3e42c00df41ac73ae0a9d5702,3,3,0,0,01202010199f20e9887a3209637ce705ecf59946,0120201019dd75108ae311a8d7b122a41f2418d3
2020-10-26,data/events/2020/10/2020-10-26.jsonl.gz,8a7d2888497a7cbf3709356729f731899edea0a4ad2e8b1f2e6aeddf0f8ffa5d,1,1,0,0,20201026185504.305532_YE_facebookmessenger_46086864627e31c2,20201026185504.305532_YE_facebookmessenger_46086864627e31c2
2020-10-29,data/events/2020/10/2020-10-29.jsonl.gz,c09909e3c59fbfc07482b28b28529d0b39ce224f4fe0260cf6952fa5fe09d7e3,1,1,0,0,20201029072035.058847_YE_webconnectivity_1af08fecdd165959,20201029072035.058847_YE_webconnectivity_1af08fecdd165959
2020-10-31,data/events/2020/10/2020-10-31.jsonl.gz,6ace5416a45c00b9bc459d76bb0525b713e46a96b3b57747f148210b0a27527c,3,3,0,0,20201031051551.526989_YE_webconnectivity_b2bb0bf3bca0a649,20201031055751.012239_YE_webconnectivity_015f1fb4129d856d
2020-11-03,data/events/2020/11/2020-11-03.jsonl.gz,4da2ebb194cb3c08df7349fd0e49088316de01b3b26c59d2b68b6c5b5aa46508,80,80,0,2,20201103070205.828099_YE_webconnectivity_d9220c482d73cfb5,20201103095705.621546_YE_webconnectivity_e21bf4bf66f78c77
2020-11-09,data/events/2020/11/2020-11-09.jsonl.gz,6c83c07822862e68598aaf99a5e2ea508c17a47acdb2ff6509e3b1012802e041,1,1,0,0,20201109002251.489097_YE_webconnectivity_0fb4b728178b36a8,20201109002251.489097_YE_webconnectivity_0fb4b728178b36a8
2020-11-12,data/events/2020/11/2020-11-12.jsonl.gz,14faa0f6e5c8df60c670cc4a7671e31972ca3c61d43b53bb60ddf6252124d711,1,1,0,0,20201112162640.992996_YE_webconnectivity_56389560c49f43be,20201112162640.992996_YE_webconnectivity_56389560c49f43be
2020-11-17,data/events/2020/11/2020-11-17.jsonl.gz,7b7c147c6a20b2ba976fdfb92e956eb9119d9e6f6137963c7496cf8c24806e90,1,1,0,0,20201117024605.744261_YE_webconnectivity_e95af6bec04f1a48,20201117024605.744261_YE_webconnectivity_e95af6bec04f1a48
2020-11-18,data/events/2020/11/2020-11-18.jsonl.gz,96bb47670217da208fb6e890ad841259fcf93bb7aefbe677dfbd413e66b41a62,3,3,0,0,20201118190425.258694_YE_telegram_668b433e4ba8e345,20201118195530.357023_YE_webconnectivity_47c7dae99199a8f2
2020-11-20,data/events/2020/11/2020-11-20.jsonl.gz,88d7d02b7e4cb728864df00474e68c4f2987537f229cfb9741d1d085ee9aa688,3,3,0,0,20201120220717.590804_YE_psiphon_7c0c7ca498829df0,20201120224723.045214_YE_psiphon_09874cd91f1e8aee
2020-11-21,data/events/2020/11/2020-11-21.jsonl.gz,cc38289d16ade69cbb878faa0aa55d9da7b35c0c23383400d97266d1beae0400,1,1,0,0,20201121221159.420550_YE_psiphon_10f93261f1b8f9cf,20201121221159.420550_YE_psiphon_10f93261f1b8f9cf
2020-11-26,data/events/2020/11/2020-11-26.jsonl.gz,18b4dee446c5d2f1bd2d39d43f45cd764fdc0be93b85359eccc40b3aaee5611b,2,2,0,0,20201126213348.442593_YE_webconnectivity_3a4a5bfb149b983a,20201126225106.413300_YE_psiphon_5663362326ae259d
2020-12-07,data/events/2020/12/2020-12-07.jsonl.gz,9d39d3a4461d0051ec3a54a4f53f83539c805c362e87ecf1c57d97cff3745d49,1,1,0,0,20201207015030.709118_YE_webconnectivity_c1e34a404ddd00b7,20201207015030.709118_YE_webconnectivity_c1e34a404ddd00b7
2020-12-10,data/events/2020/12/2020-12-10.jsonl.gz,f042e97c2376de0c9dabee381d11cc07fdbf9b7b5927feb2f1cf383d4badfedd,4,4,0,0,20201210000736.036525_YE_webconnectivity_82f034d1504430d0,20201210205151.844816_YE_webconnectivity_4c65fb33364ee4a3
2020-12-13,data/events/2020/12/2020-12-13.jsonl.gz,6414eafa01b99f01d44795b8c2e56c33f0786c1d23116ff60920de64d3a95b78,1,1,0,0,20201213222135.406562_YE_webconnectivity_a1aa19321c994891,20201213222135.406562_YE_webconnectivity_a1aa19321c994891
2020-12-18,data/events/2020/12/2020-12-18.jsonl.gz,dca8115dffe458030b0ac935e24488608b360e11bb2fc2e864d2c9be3149a11b,15,15,0,0,20201218130828.544043_YE_webconnectivity_95585079dc0429bb,20201218184929.895223_YE_webconnectivity_1b26693f55539554
2020-12-19,data/events/2020/12/2020-12-19.jsonl.gz,d3a3846558bbedf73c3264cd647d912133b463fb3a99a6db06015783385d3d01,3,3,0,0,20201219005531.692561_YE_httpinvalidrequestline_c17a883a2e0124af,20201219133827.840303_YE_psiphon_4b95579002f05d54
2020-12-20,data/events/2020/12/2020-12-20.jsonl.gz,ab73c6c5ee712d4cf838498a607b598ef0ac75432bc5ed1c006cba0611b7f2f4,4,4,0,0,20201220011455.329634_YE_webconnectivity_4a1fc83e61b53884,20201220015254.717497_YE_webconnectivity_76b4ff4ebd8e6562
2020-12-21,data/events/2020/12/2020-12-21.jsonl.gz,52e8e7a4aa3af17fa5aac506b06b7bc697d87c5efb41b66efbf7cb60190e3cde,3,3,0,0,20201221231607.276774_YE_psiphon_9413b5c7f541f5da,20201221235513.606911_YE_httpinvalidrequestline_708972a103c9fb39
2020-12-23,data/events/2020/12/2020-12-23.jsonl.gz,c79a37dd78a86e8689905ab8eeab537258a253b918e9d23a86c541b818672e7d,1,1,0,0,20201223210239.442028_YE_psiphon_9a228cebb33130fa,20201223210239.442028_YE_psiphon_9a228cebb33130fa
2020-12-24,data/events/2020/12/2020-12-24.jsonl.gz,65db4872af8330d7f173d59f21077c57a083c9caaaf09fefd2e7db8be145fc05,1,1,0,0,20201224054306.909860_YE_whatsapp_9310f9c2fa4a8f86,20201224054306.909860_YE_whatsapp_9310f9c2fa4a8f86
2020-12-26,data/events/2020/12/2020-12-26.jsonl.gz,7803283926597d6d0cdf2bdaf0da036f24fdba93308ed58f2f37b4d0a2cc7b6a,2,2,0,0,20201226190451.681299_YE_webconnectivity_65526de9434fd2ff,20201226190551.683936_YE_webconnectivity_0631d22f5275299d
2020-12-28,data/events/2020/12/2020-12-28.jsonl.gz,c16d0df097d0bf3547e3a29a2042423d8d1fd06c2a6c61c3589fa133d1a594c4,2,2,0,0,20201228164356.092091_YE_psiphon_2e8c1d7280c1c92e,20201228211945.858630_YE_webconnectivity_0d178f1b7579e234
2020-12-30,data/events/2020/12/2020-12-30.jsonl.gz,0a6ad42db31373a71f2511542df813d523310f1713e0206bcbba9e5403882a98,2,2,0,0,20201230030139.237943_YE_webconnectivity_9c066b7c5fab5041,20201230035837.608573_YE_webconnectivity_7b5cef55ac3a53fc
2020-12-31,data/events/2020/12/2020-12-31.jsonl.gz,71ef446fe479765bf3e983b84a713bd309507169b967ac91beb6aa1b577201f6,3,3,0,0,20201231070428.188216_YE_webconnectivity_c3a9bbe91abfddb0,20201231073527.113710_YE_webconnectivity_9b1a0f25de2018d8
2021-01-01,data/events/2021/01/2021-01-01.jsonl.gz,a4b16d7a2032a8a371a26aeacac6719637863b29be0f8f2daaa656f69bdd993f,8,8,0,0,20210101200749.713487_YE_webconnectivity_12dab5a2aa641cd5,20210101233459.263716_YE_psiphon_a78224b3f971f559
2021-01-05,data/events/2021/01/2021-01-05.jsonl.gz,09469d99031aef560d70026e3f54fb67b8ed417a77982de79112c7202b32b5c3,2,2,0,0,20210105164049.564239_YE_webconnectivity_6915aa3ad7a324f5,20210105164448.922755_YE_webconnectivity_12238deff39754fa
2021-01-19,data/events/2021/01/2021-01-19.jsonl.gz,45833842edc7966c8fe22284f66a8b54ada5594241e768756a5d416a7d495a79,1,1,0,0,20210119181718.291630_YE_tor_2912b74e07134a15,20210119181718.291630_YE_tor_2912b74e07134a15
2021-01-21,data/events/2021/01/2021-01-21.jsonl.gz,aeb013274ba3802412bc169eb510713bbb2796da5358313eb82f44b52d79fca4,1,1,0,0,20210121215032.107303_YE_psiphon_b7b2eefb7dacfe38,20210121215032.107303_YE_psiphon_b7b2eefb7dacfe38
2021-01-25,data/events/2021/01/2021-01-25.jsonl.gz,272ad307f603bd979af9dd06e4077b7f73ba8163a61ee069a02cffd9ed0ed730,6,6,0,0,20210125110543.329721_YE_webconnectivity_3ed2b43ff621198d,20210125155924.182232_YE_webconnectivity_70a21b248fb916aa
2021-01-29,data/events/2021/01/2021-01-29.jsonl.gz,dd8e18c3dffc5fc5f3c311814b37c2fa1a5eb12137f05755a9c25fb48a51cf9c,2,2,0,0,20210129122525.987350_YE_webconnectivity_7db59cdad5ca5441,20210129122919.523976_YE_psiphon_18f8d64a99fbd858
2021-02-03,data/events/2021/02/2021-02-03.jsonl.gz,5f9a92d85776ed527dc1db901892504d0a337de6e6ee77c3c55d55fc9ffc480a,2,2,0,0,20210203123430.273879_YE_webconnectivity_53f8da429844c71c,20210203210100.685185_YE_psiphon_8e2dd471627cc238
2021-02-04,data/events/2021/02/2021-02-04.jsonl.gz,899f03d37708da3441a8f6c5e692ceb333187a54b4b1369a1c7e8c6a8215684c,2,2,0,0,20210204191311.897932_YE_psiphon_7f8b5b418e342041,20210204192602.209238_YE_httpinvalidrequestline_ec6af47ae842b37c
2021-02-06,data/events/2021/02/2021-02-06.jsonl.gz,fad25769ef24e82910400f33c4f9a2c97132c2554709e5599fb3456bf238e2f8,2,2,0,0,20210206141620.601095_YE_webconnectivity_628f4198badf554b,20210206141901.253020_YE_psiphon_192a390ec3a743b7
2021-02-07,data/events/2021/02/2021-02-07.jsonl.gz,3e206e74e8474809555e97d831fccde3efbf6dcec91f4107ae422ac65c5cf3e8,3,3,0,0,20210207051531.645522_YE_webconnectivity_c6485d4168223381,20210207051557.146791_YE_webconnectivity_db030874c5029774
2021-02-08,data/events/2021/02/2021-02-08.jsonl.gz,56019b0cfaaecdd52e52871914df25574338bd2a87e0a914adc528a8fcb5f51e,1,1,0,0,20210208035658.577400_YE_webconnectivity_ab283fca1f41bb16,20210208035658.577400_YE_webconnectivity_ab283fca1f41bb16
2021-02-09,data/events/2021/02/2021-02-09.jsonl.gz,fe5e6df23df8301a11ed069a0adc8dbf479b10af7bd23f5c28afb1e967e9fa7c,3,3,0,0,20210209030819.414041_YE_webconnectivity_5a21580b57271b98,20210209030904.954849_YE_webconnectivity_8c91e198a6c649d6
2021-02-12,data/events/2021/02/2021-02-12.jsonl.gz,349dad4d417b724221cc9c587459c8cb876bec652afbb8ad464e2ba3670a204a,6,6,0,0,20210212144236.287871_YE_webconnectivity_aef20a78c50ac357,20210212153910.651334_YE_webconnectivity_328d1d33bc8e8805
2021-02-13,data/events/2021/02/2021-02-13.jsonl.gz,46bf5c1fb75b5f3e6ff0c075975c81f00824cd32e38e1d0b9ffabe6315bf7410,2,2,0,0,20210213230438.629112_YE_webconnectivity_bbaf9ae686152fa7,20210213230514.159851_YE_webconnectivity_4ed17aa535c1b72c
2021-02-14,data/events/2021/02/2021-02-14.jsonl.gz,5ff14f9d919ecea41281bce7d50342428c02f6f3be2194aa911840822e1070f7,2,2,0,0,20210214123953.853755_YE_httpinvalidrequestline_ebdb81c5db19dc4b,20210214124758.732924_YE_webconnectivity_442825ada658d735
2021-02-21,data/events/2021/02/2021-02-21.jsonl.gz,ab81287d3a4df95c8ffe4217a79fc2bc89a0214ef22844ed5655f5799c193e25,2,2,0,0,20210221095744.121900_YE_webconnectivity_4245abac625fca45,20210221100027.754484_YE_whatsapp_2945ad96e6da7637
2021-02-24,data/events/2021/02/2021-02-24.jsonl.gz,83a7844796dffbdb9917ae42e55c49e448486df2e8eeb4fe32647e3010280b56,6,6,0,0,20210224225640.545444_YE_webconnectivity_fde2b8856ca98aa8,20210224230438.997246_YE_webconnectivity_dec1fa6b012f6627
2021-02-25,data/events/2021/02/2021-02-25.jsonl.gz,93ed60741f24dc70cbf8f556c3a7c0a355d6b533bc73129398e049379bbda74e,2,2,0,0,20210225181911.496215_YE_webconnectivity_ad73cd5e6564e748,20210225181943.361673_YE_webconnectivity_34b8f17f8b0cf000
2021-03-03,data/events/2021/03/2021-03-03.jsonl.gz,50ef29cfdeec81f22ee4df21e8df23d239893993c64ec920b9bd46167cf722f9,1,1,0,0,20210303082432.110850_YE_webconnectivity_92882ce1811805d2,20210303082432.110850_YE_webconnectivity_92882ce1811805d2
2021-03-04,data/events/2021/03/2021-03-04.jsonl.gz,c690214b5210226a4cf09f62cf0d87524c3bdec7f64c72082b4f01fe3c20a2d3,1,1,0,0,20210304212705.954256_YE_webconnectivity_a23490859c8e4caa,20210304212705.954256_YE_webconnectivity_a23490859c8e4caa
2021-03-05,data/events/2021/03/2021-03-05.jsonl.gz,de257ef59c67ee3d35d960cd18c28dc793561742e43e409e61cd300073fc1a6d,5,5,0,0,20210305151941.850291_YE_webconnectivity_299a62c7d299457b,20210305152353.447545_YE_telegram_f158b5d7f853ea60
2021-03-06,data/events/2021/03/2021-03-06.jsonl.gz,0c32cc62285f33a2fb5dd8e1ed7fa3bfe7a5eb4248bc0cb14010487c1580b129,4,4,0,0,20210306162806.799213_YE_webconnectivity_9d81ca90ee58b87d,20210306170151.692977_YE_psiphon_a2e61cfccabaac4e
2021-03-10,data/events/2021/03/2021-03-10.jsonl.gz,34f96a1d035b361384aaeb55e758922887df200e9db1fb2f00a17a394ab41ae7,1,1,0,0,20210310002639.685206_YE_webconnectivity_066726d737c76ccf,20210310002639.685206_YE_webconnectivity_066726d737c76ccf
2021-03-12,data/events/2021/03/2021-03-12.jsonl.gz,99d30a72e382759b72eceed1e3feaddbbb76b63f189448865df6e51babfa1cc9,1,1,0,0,20210312183052.178559_YE_psiphon_737ee6b5690f6a40,20210312183052.178559_YE_psiphon_737ee6b5690f6a40
2021-03-15,data/events/2021/03/2021-03-15.jsonl.gz,e719671d8ae24bf3341081211c67b2a753f1d0f754ad1e7e420e9652349a44e1,3,3,0,0,20210315204824.527569_YE_psiphon_168993b7fbfbeac6,20210315205427.349834_YE_webconnectivity_b6057012c8273ad9
2021-03-17,data/events/2021/03/2021-03-17.jsonl.gz,ec4642b6ace1aa39918db50f5805c97b87f89b90f66c3c1119823dff09693535,4,4,0,0,20210317052751.924536_YE_webconnectivity_98c051a8abd1d4f5,20210317054056.426833_YE_webconnectivity_c6d8805a1e841179
2021-03-18,data/events/2021/03/2021-03-18.jsonl.gz,bebbc81450695305cc1bd89a5c08e9ed134e8dbabd2401389747ad0636a6145d,5,5,0,0,20210318001424.565672_YE_psiphon_6fd83dd2d890806a,20210318234557.286594_YE_psiphon_8a0ad2cbb2c93809
2021-03-19,data/events/2021/03/2021-03-19.jsonl.gz,515422a099d29df6009ee440c48f405557ea62a9a4c55c2c4e632d5765df335c,6,6,0,1,20210319045912.591691_YE_webconnectivity_f9a569e9f17d2374,20210319192149.277708_YE_facebookmessenger_f5141e193048d8d6
2021-03-22,data/events/2021/03/2021-03-22.jsonl.gz,2f283fb5216a71c1cfe6d4eac855efee219dd45472aa8f01e5879958b9632226,20,20,0,0,20210322140542.046161_YE_webconnectivity_5dbd2aaed86bd15d,20210322195547.057414_YE_webconnectivity_21270f0422f51e5a
2021-03-23,data/events/2021/03/2021-03-23.jsonl.gz,39831c8a4c0b8749a9152b56c9de58a9a41d516eb2527707481b8abcd2f14bbf,2,2,0,0,20210323191411.587966_YE_webconnectivity_e1e01b4a09f18b9d,20210323191435.214430_YE_webconnectivity_2b96d2d565cb845f
2021-03-25,data/events/2021/03/2021-03-25.jsonl.gz,f2dd126ad2ef81b17580a58a32ae4b81e62380ae7a104bde11aebe477520fe4b,2,2,0,0,20210325194752.688230_YE_webconnectivity_eb9c21fdcf476f69,20210325195113.648839_YE_webconnectivity_d5af1f5394c57320
2021-04-01,data/events/2021/04/2021-04-01.jsonl.gz,9463753379fbacd7cd9169aecb510a3f5f62b6458e1001b041457e1b3611d788,1,1,0,0,20210401172448.321131_YE_psiphon_dc7e88bbd6f87fd7,20210401172448.321131_YE_psiphon_dc7e88bbd6f87fd7
2021-04-02,data/events/2021/04/2021-04-02.jsonl.gz,d650f6992b7c379a507d35d87be6741dbd4a189dc8e80865701d489dcae446ac,1,1,0,0,20210402235157.008577_YE_whatsapp_64b41f1952f23eba,20210402235157.008577_YE_whatsapp_64b41f1952f23eba
2021-04-05,data/events/2021/04/2021-04-05.jsonl.gz,2cb03a09f2f27a1e4490868bf54f8e59b2e889ec2955f7ad4acf723b920b881c,1,1,0,0,20210405133703.582746_YE_telegram_f4cb1bb0f798aa19,20210405133703.582746_YE_telegram_f4cb1bb0f798aa19
2021-04-06,data/events/2021/04/2021-04-06.jsonl.gz,01028ab5a8c84a3cfdccdad0debebc3c2f45be8586ac4084ecbd3ead27c46d2b,4,4,0,0,20210406164754.663659_YE_webconnectivity_bab6c8b5a7098169,20210406165117.936115_YE_facebookmessenger_7325be753d505655
2021-04-08,data/events/2021/04/2021-04-08.jsonl.gz,6c621e93f73449ffb07b61e52090b5167f471ce892763bf18e7f32c00562919f,1,1,0,0,20210408223707.041745_YE_telegram_22e5cbea43372df2,20210408223707.041745_YE_telegram_22e5cbea43372df2
2021-04-10,data/events/2021/04/2021-04-10.jsonl.gz,5df04e91a98b4fab5b5d7d0d28a0b96aacc2dfe30f7d337405b11fbeb31210ff,4,4,0,0,20210410012528.411636_YE_webconnectivity_b8869bbf266242ad,20210410030751.551778_YE_psiphon_6aa14a53ab0c825c
2021-04-13,data/events/2021/04/2021-04-13.jsonl.gz,b45ec6ccd4cd0e2cf1fd8af73fbda75040355d68f3aa677b17d5ae1154c989bf,1,1,0,0,20210413100552.213639_YE_telegram_cd120e176a28d309,20210413100552.213639_YE_telegram_cd120e176a28d309
2021-04-17,data/events/2021/04/2021-04-17.jsonl.gz,77087ae281d699d69f312cd223a92b1b6d58493b1ad387a7096b6e97ab13f465,1,1,0,0,20210417194842.486783_YE_psiphon_1660a848910c2ca5,20210417194842.486783_YE_psiphon_1660a848910c2ca5
2021-04-18,data/events/2021/04/2021-04-18.jsonl.gz,dad753577bbd1b1a3c99fe1c2fb0a57e3fada90f1336f0c80c49f57ec5e16307,2,2,0,0,20210418225358.532102_YE_telegram_79545437d08ffe2a,20210418230122.165292_YE_psiphon_28709294f751fb48
2021-04-19,data/events/2021/04/2021-04-19.jsonl.gz,beef79024a0a3d32e0d47f4ad799ed8b226ad414447744f82948582f06ce2e0a,1,1,0,0,20210419024216.035227_YE_webconnectivity_a772e09e5392aae7,20210419024216.035227_YE_webconnectivity_a772e09e5392aae7
2021-04-28,data/events/2021/04/2021-04-28.jsonl.gz,93a0f9a7bb7ccffe3f397ba2e86a4533e0a74c4e7fa48f51afda09d928314fc7,1,1,0,0,20210428135534.090249_YE_telegram_f2a4105f52d9534c,20210428135534.090249_YE_telegram_f2a4105f52d9534c
2021-04-30,data/events/2021/04/2021-04-30.jsonl.gz,f47e362cbd8dfd6dcfa93ef929ee2e76fde197f0f1823bcd2c375f540281accd,7,7,0,0,20210430060906.722283_YE_webconnectivity_676740142c7657a0,20210430150139.350590_YE_telegram_026a927afdc51023
2021-05-04,data/events/2021/05/2021-05-04.jsonl.gz,b2c69e3e9998497c288d239f31b597aaacbc041663e1801da40562012bab1be7,3,3,0,0,20210504213706.966549_YE_psiphon_5baae3813f8df99b,20210504233404.207034_YE_signal_3b3870411b2a3812
2021-05-05,data/events/2021/05/2021-05-05.jsonl.gz,0c34b0d6fe1d492c03f2b878c2609abbf02e5233f39c5f2137c2d774b4282296,2,2,0,0,20210505162608.765291_YE_whatsapp_e1bd58dbadb4e2c3,20210505163000.627303_YE_telegram_3dce0d8db151adb8
2021-05-09,data/events/2021/05/2021-05-09.jsonl.gz,c86012ca2b4ce73520b529036688e80c3ec4433a5ebabb3e21c62dab2470952e,3,3,0,0,20210509033515.395005_YE_webconnectivity_f3098ff7af0f05f7,20210509033608.619320_YE_webconnectivity_f61e1b04721879a0
2021-05-12,data/events/2021/05/2021-05-12.jsonl.gz,b723cb8d1efad0c71b02bfb6d05962ff094bc145324cefc6f7f6dc5ef9d0513f,2,2,0,0,20210512091355.551768_YE_psiphon_8b3219c1b402aa8a,20210512233044.158367_YE_psiphon_ae1c72b361ce2eee
2021-05-15,data/events/2021/05/2021-05-15.jsonl.gz,a4897869bed41c3489c2572932b9b5d9a125e66415bd80ea62d7be68da0e76ff,4,4,0,0,20210515203527.164898_YE_telegram_525cb1597985bdcf,20210515204517.889870_YE_psiphon_640ba90d8debc06b
2021-05-16,data/events/2021/05/2021-05-16.jsonl.gz,499a7a977c5f4cae4c1f44cf833df30af8ec13a305d56be91ffe3030715e5a63,1,1,0,0,20210516024050.014329_YE_signal_970eaa1ec64c8fc5,20210516024050.014329_YE_signal_970eaa1ec64c8fc5
2021-05-20,data/events/2021/05/2021-05-20.jsonl.gz,016e50d65c818bb4eb5bd98636ce1e0b06a6adfcede796b1631c9f348911eba5,3,3,0,0,20210520131801.239378_YE_psiphon_274fc9d61c4414fc,20210520164527.636584_YE_webconnectivity_4e7c9a9aea7b3bad
2021-05-24,data/events/2021/05/2021-05-24.jsonl.gz,bee985252c38db2c3d90f2763c8f13617caccdc3f1290825ab4f07de654ee420,2,2,0,0,20210524220813.930334_YE_telegram_8e652d88032b71eb,20210524221354.038817_YE_psiphon_0a0ab700d26c8bc9
2021-05-25,data/events/2021/05/2021-05-25.jsonl.gz,50bf126eb32db6ce53f412b4623b4af982cc9624b1999f69c75adc0af2898b7d,1,1,0,0,20210525203450.613651_YE_psiphon_59fdeb786fff8d07,20210525203450.613651_YE_psiphon_59fdeb786fff8d07
2021-05-27,data/events/2021/05/2021-05-27.jsonl.gz,ee2494cc5565e5999514571cfac2aa39bb73211f91fe8ab3271350955a649e63,1,1,0,0,20210528000019.542130_YE_whatsapp_50845ddc209fdc0b,20210528000019.542130_YE_whatsapp_50845ddc209fdc0b
2021-05-28,data/events/2021/05/2021-05-28.jsonl.gz,b5c9fdf7e73cd76919b9f528b270c09de556247226d168aaafee38076f6052cd,1,1,0,0,20210528150901.631203_YE_httpinvalidrequestline_68e6d128ca5cc2b4,20210528150901.631203_YE_httpinvalidrequestline_68e6d128ca5cc2b4
2021-06-01,data/events/2021/06/2021-06-01.jsonl.gz,04911b259182c3f15ebe5c801e7558a301fed8e4a357b860646890e05ae8ef6a,4,4,0,0,20210601165000.690288_YE_webconnectivity_9f3cc722eeb6e3bb,20210601165032.238128_YE_webconnectivity_f231c5e586663a19
2021-06-02,data/events/2021/06/2021-06-02.jsonl.gz,a239fd188c5314cad4a1dae2939c72d96311d8caf8d33a5f616dfffaa6e488db,1,1,0,0,20210602153205.278603_YE_facebookmessenger_daec3d3d7ce75958,20210602153205.278603_YE_facebookmessenger_daec3d3d7ce75958
2021-06-04,data/events/2021/06/2021-06-04.jsonl.gz,e246cf94abd7b71da90431fbbe18a3d62b02657bd0da7ea575309cb95e95032f,1,1,0,0,20210604222513.015595_YE_psiphon_b0062003d76a3cbf,20210604222513.015595_YE_psiphon_b0062003d76a3cbf
2021-06-05,data/events/2021/06/2021-06-05.jsonl.gz,3ce3d51b96e4ad53a884736033a4f3316bb0d40c9a1ade3e0eec3b223b678e0e,1,1,0,0,20210605211125.641496_YE_psiphon_027ffb0c5da58af9,20210605211125.641496_YE_psiphon_027ffb0c5da58af9
2021-06-06,data/events/2021/06/2021-06-06.jsonl.gz,91c66c1e23a4d0a71c3625719105ada8b936a7b30ba6cbe7c72270736fb3a330,1,1,0,0,20210606012806.826387_YE_psiphon_b9a7aa4471d1fabf,20210606012806.826387_YE_psiphon_b9a7aa4471d1fabf
2021-06-08,data/events/2021/06/2021-06-08.jsonl.gz,bb0adffa6c5be5044e4031bd24ee4851199161f32a236b2f9823c2c670ea0dd1,11,11,0,0,20210608193858.518445_YE_facebookmessenger_0f12d525ed904535,20210608221104.880546_YE_webconnectivity_f7e057bd431b3814
2021-06-13,data/events/2021/06/2021-06-13.jsonl.gz,2e2c3581eda335a076a8c20b75fb254186635d1ce94a8c7f9d05a89837e7e3d5,1,1,0,0,20210613190049.015577_YE_psiphon_f2ae398ab5c8da79,20210613190049.015577_YE_psiphon_f2ae398ab5c8da79
2021-06-17,data/events/2021/06/2021-06-17.jsonl.gz,a9fd8731fb426f05e33581039c0601464cf7201e25e1ae851d2a15aebe47cc49,1,1,0,0,20210617192803.936850_YE_telegram_eecf3f38348ed952,20210617192803.936850_YE_telegram_eecf3f38348ed952
2021-06-19,data/events/2021/06/2021-06-19.jsonl.gz,3791fac1a3613bccaa7b32e67c9c782cccaa7d21cbbe7745dcac8fa00f387aa1,5,5,0,1,20210619005716.738294_YE_whatsapp_1c5ac858db272bc0,20210619185004.489959_YE_signal_b0e25b152a863fab
2021-06-23,data/events/2021/06/2021-06-23.jsonl.gz,805820afecad41cddac7ed3ecf32c3672b946a77ca0c12c146d733ee3853f931,1,1,0,0,20210623151738.583686_YE_facebookmessenger_4de11213ccfe9916,20210623151738.583686_YE_facebookmessenger_4de11213ccfe9916
2021-06-25,data/events/2021/06/2021-06-25.jsonl.gz,55eac1d33926e5d83a5df72bed51275e9ec6581502b617e2156cfb5dd7209600,4,4,0,0,20210625173523.666814_YE_psiphon_5f8d3292217916e7,20210625191950.434097_YE_webconnectivity_0291a46ffc1c23ee
2021-06-26,data/events/2021/06/2021-06-26.jsonl.gz,467f3d354f51007022cd6a97477b0146535c82bbf9870f8c39636158eecf59de,7,7,0,0,20210626150416.029604_YE_psiphon_84f0fca10b525949,20210626233428.053736_YE_webconnectivity_6aadddd5ed1d752a
2021-06-27,data/events/2021/06/2021-06-27.jsonl.gz,2113248f8a5d47655add70ced3c49eed2be0400b7768b5c6ddbae04032836950,9,9,0,0,20210627075107.985897_YE_webconnectivity_dcf2e415904864c5,20210627075711.340552_YE_webconnectivity_457f27583475eb77
2021-06-30,data/events/2021/06/2021-06-30.jsonl.gz,6d1695456f632f72c69e88319c8a02c6c782d1fd3a300e2f11b6f8eb7d15a4bd,2,2,0,0,20210630120053.865416_YE_whatsapp_f973fa48bbb971b7,20210630120346.829674_YE_telegram_4d1505d5a428a9c9
2021-07-05,data/events/2021/07/2021-07-05.jsonl.gz,49c3608044f48e348e6421979334ae96b5281c43166a2925f790daa88368923a,1,1,0,0,20210705205542.987959_YE_webconnectivity_67f292d87d9ce615,20210705205542.987959_YE_webconnectivity_67f292d87d9ce615
2021-07-06,data/events/2021/07/2021-07-06.jsonl.gz,677f8fa3bd9eb66e736fa2fbd41597266da80af71663d0e137cad38f18754233,164,164,0,1,20210706072315.175451_YE_webconnectivity_a6651973638db862,20210706115458.017009_YE_webconnectivity_189eed2e5a5d8e78
2021-07-07,data/events/2021/07/2021-07-07.jsonl.gz,dccad259c72da3ab6bab451edcea55b3cbb5bcb4c9828803adecf6cb94523d43,4,4,0,0,20210707140526.222100_YE_webconnectivity_49b22be356183220,20210707160144.444275_YE_signal_26f1a0ce7e1080fa
2021-07-10,data/events/2021/07/2021-07-10.jsonl.gz,d26d8977b845dd88ce24140bca2e1b0274e659237d862835ac4b58e37120108f,122,122,0,1,20210710193730.550236_YE_webconnectivity_e60f8791c1126836,20210710235855.777167_YE_webconnectivity_660d3dc86ea8c03e
2021-07-11,data/events/2021/07/2021-07-11.jsonl.gz,f2f80c27868ac615d95def5568b4b9379b7443e02a1972e50a4e9994fb3dbb0b,144,144,0,0,20210711000057.018732_YE_webconnectivity_8adc8726fad21936,20210711233927.774124_YE_psiphon_9d21bcae12ba0398
2021-07-12,data/events/2021/07/2021-07-12.jsonl.gz,88d36a7f8cc3ae756e78dd1f2d397e4a0aaa6123a53d42233bcc1f17b16049fe,74,74,0,0,20210712080428.531022_YE_webconnectivity_5c4f305837e1c0f7,20210712233115.000048_YE_webconnectivity_0bd97d5ff5e67455
2021-07-13,data/events/2021/07/2021-07-13.jsonl.gz,b39c93bc989bfa7f48570aeef328255cde8ede00bf4d48330967857e79381314,146,146,0,1,20210713000930.940367_YE_webconnectivity_121dcc5264775c60,20210713060807.263144_YE_webconnectivity_6863fa76aab33763
2021-07-14,data/events/2021/07/2021-07-14.jsonl.gz,814284f0c345c988352183aa513bcc34d1d6f0be91367440d929503583b5bcdf,59,59,0,1,20210714065632.296935_YE_webconnectivity_62bbaa92f98e7a6f,20210714094003.753794_YE_webconnectivity_2e4efe62519a5d4d
2021-07-17,data/events/2021/07/2021-07-17.jsonl.gz,82b8903c2b183f5d1a3545458042984a72b02613e0ec43679620e649f0682ba5,2,2,0,0,20210717145924.343793_YE_webconnectivity_e87a9c89cc2459ec,20210717150701.837381_YE_psiphon_6f247577a55a3db7
2021-07-18,data/events/2021/07/2021-07-18.jsonl.gz,646071dd895e19231a3419f675c50f05d4667e42653ee192148bf226ecf696a1,1,1,0,0,20210718143820.082608_YE_webconnectivity_1fb0bc64e2811cac,20210718143820.082608_YE_webconnectivity_1fb0bc64e2811cac
2021-07-22,data/events/2021/07/2021-07-22.jsonl.gz,7952318aff47b1832be2b28bae187a3b132854ecfb4deb29e3c73f46802a1438,8,8,0,0,20210722161923.755506_YE_httpheaderfieldmanipulation_abe15bb996348ea6,20210722211908.236700_YE_webconnectivity_c0d16d53ba6ad627
2021-07-23,data/events/2021/07/2021-07-23.jsonl.gz,77455e22073e39e6d336da8297e96f8d5b393316ce7997d20255ee7a98abbc2a,3,3,0,0,20210723182431.356389_YE_webconnectivity_b771a9cf115f9ca6,20210723182554.799837_YE_webconnectivity_c90ab87085c33a28
2021-07-26,data/events/2021/07/2021-07-26.jsonl.gz,b467990dba9b375075e950df6508432cd77830e528314b0df4eb10d1893d1e81,5,5,0,0,20210726094158.346633_YE_webconnectivity_a0dfb278a2bf5264,20210726190732.640751_YE_webconnectivity_39ea995a74932632
2021-07-28,data/events/2021/07/2021-07-28.jsonl.gz,5c8114b2e909167480fd94af303a75739073ea503a39c651ef808b8cad51b0aa,2,2,0,0,20210728182035.130214_YE_webconnectivity_41aabd849410a509,20210728182138.856480_YE_webconnectivity_db79ad50541ef7f7
2021-07-29,data/events/2021/07/2021-07-29.jsonl.gz,8bb6017ec4a9e4caac6b8a36ddfe5daae26601fba41e06cf579518290b6e895d,1,1,0,0,20210729231424.683288_YE_psiphon_deb5c9325d3c4e4e,20210729231424.683288_YE_psiphon_deb5c9325d3c4e4e
2021-07-31,data/events/2021/07/2021-07-31.jsonl.gz,6e98a027a1bcce26208a958b2a0fb4e2eee3f477b29f82aae8ddf2b19ff25837,4,4,0,0,20210731235900.633268_YE_webconnectivity_6c7f36c0569aee32,20210731235938.641774_YE_webconnectivity_3b62ea6c406b59ba
2021-08-01,data/events/2021/08/2021-08-01.jsonl.gz,188b0787db841b0a06b4e8ca8e416155317203b45849a26db95a34087acc78da,3,3,0,0,20210801015335.109137_YE_psiphon_f4367ddd58e051c1,20210801022208.961412_YE_psiphon_e834e618fc6e7dca
2021-08-09,data/events/2021/08/2021-08-09.jsonl.gz,4c80dc64fc9697855f1f753ec3f79f15bbe1006f61289cf5a741b78c9e830a8a,2,2,0,0,20210809121742.397293_YE_httpheaderfieldmanipulation_8cb0dfce7f3cd719,20210809121907.816524_YE_httpinvalidrequestline_9f156ee5f0656489
2021-08-10,data/events/2021/08/2021-08-10.jsonl.gz,90695fee48e8f7f22d63b4d65830c6fa56cca56a43e231972d751439e88ab628,2,2,0,0,20210810191602.539371_YE_psiphon_95a129b3e3b4df6d,20210810193601.892330_YE_psiphon_2d3c996faed8cb8a
2021-08-11,data/events/2021/08/2021-08-11.jsonl.gz,6d1dc75625409d9006f318b1e9986d3dea31b9c2dbf86cf9ff5110b05267c280,5,5,0,0,20210811033045.850662_YE_webconnectivity_10e0cc5ac52208af,20210811060640.684856_YE_httpinvalidrequestline_3023d512872e4b73
2021-08-12,data/events/2021/08/2021-08-12.jsonl.gz,e925a2d98df952b50216205de6e94fb38457a0b377e8cbc1c5370e13f8f5df51,3,3,0,0,20210812231718.066363_YE_telegram_83b693dfa7e34ff9,20210812233950.712167_YE_tor_cdb12974b4ccd63f
2021-08-13,data/events/2021/08/2021-08-13.jsonl.gz,5630748e1c2d267423ea2d820bdfc64898e435bbaac62c54664a10051467c82f,2,2,0,0,20210813054745.197183_YE_webconnectivity_7934c915f7fc0c9c,20210813054854.033164_YE_webconnectivity_d7e33379534fa14a
2021-08-14,data/events/2021/08/2021-08-14.jsonl.gz,3a4ef1f11560df78ef686629b249072d8a795b377f15c582e973f8079c058bad,1,1,0,0,20210814105433.807171_YE_tor_24ff284bbca81c1c,20210814105433.807171_YE_tor_24ff284bbca81c1c
2021-08-15,data/events/2021/08/2021-08-15.jsonl.gz,19ac7d1907aee4336c20f55448005a406a2eb46018e1fb892336bd3dc3a63c3d,3,3,0,0,20210815090236.607553_YE_webconnectivity_f422edb3e40b31cd,20210815090403.589020_YE_webconnectivity_8e245a66aa7b0f40
2021-08-20,data/events/2021/08/2021-08-20.jsonl.gz,f7d51f1c0c617f04db9cf07a7fd5788b2d55f3d34b6c0b4aafcc9092ba1b8013,4,4,0,0,20210820200855.506634_YE_whatsapp_8e2dc60e86857c8a,20210820201600.367976_YE_psiphon_2f14ebd6cdecbbed
2021-08-21,data/events/2021/08/2021-08-21.jsonl.gz,938d2c775a167fd1abd0dad26f2d2b970c0d91dc4e35729d9be544361d13dbfb,4,4,0,0,20210821141342.032976_YE_webconnectivity_de4b3a7d303050d0,20210821142643.310162_YE_tor_2798a307ce36d93c
2021-08-22,data/events/2021/08/2021-08-22.jsonl.gz,ab8160fbe36164b500f60dc01708f7cd877a924f986c185fb2579eb447ae4510,3,3,0,0,20210822231253.423572_YE_facebookmessenger_716f09f1881b1c27,20210822233120.104977_YE_httpinvalidrequestline_b2e61923aa511aa4
2021-08-23,data/events/2021/08/2021-08-23.jsonl.gz,37510905aec672ce67a09dc59ef5e3f7b9acbf1bd0af00a0924ccba3b1b12f2a,61,61,0,1,20210823012359.055257_YE_webconnectivity_0a15e4511fe2e8e5,20210823225846.295780_YE_webconnectivity_fe93a0e066ec972d
2021-08-24,data/events/2021/08/2021-08-24.jsonl.gz,84be54876581278df61362e0b0c990589c1979236b75134a8e84a8825e50b3c2,32,32,0,0,20210824222349.330875_YE_webconnectivity_f184278adbc36aca,20210824225858.169414_YE_webconnectivity_9f5ff31bdc3c0b2a
2021-08-25,data/events/2021/08/2021-08-25.jsonl.gz,51280423565d9279a232f438c0dbeecd765d1a3580aea246276a21b4ff8150ae,6,6,0,0,20210825124552.422866_YE_whatsapp_088fa1a5b19ba905,20210825164112.746931_YE_telegram_0e5edafaf08a138a
2021-08-26,data/events/2021/08/2021-08-26.jsonl.gz,b9f713e0de718e58b07da84e3aba297c874fd9f1578220c37a2c84b03930b016,3,3,0,0,20210826192552.012076_YE_whatsapp_ff3eaa07b5fc9d05,20210826193058.379788_YE_signal_0f2163e102f949b9
2021-08-27,data/events/2021/08/2021-08-27.jsonl.gz,30810d0abc9859e7d899d11265bdf844ea1bd1a91255633f0a3a83dbaf3b2135,4,4,0,0,20210827092530.720206_YE_webconnectivity_087184e111132325,20210827213747.998556_YE_webconnectivity_d41badc1f683fe16
2021-09-01,data/events/2021/09/2021-09-01.jsonl.gz,e77fc2b555055c80d11efbe714c83fec2a20541223572bf302b713b7b18d4bcb,4,4,0,0,20210901143414.075115_YE_whatsapp_ce9814abe99ebae1,20210901151357.971947_YE_tor_684ca8fc0ccd7ba5
2021-09-02,data/events/2021/09/2021-09-02.jsonl.gz,b4cfccc4ef667d17a768041da2649c4f29203ebac01a77cd0fef3fbc58facc3c,2,2,0,0,20210902212308.092485_YE_webconnectivity_d49d3c16b9d4cc9e,20210902212548.448400_YE_telegram_2b352d9631b79f9c
2021-09-03,data/events/2021/09/2021-09-03.jsonl.gz,f6df26edb27b62e4abfaf5dbb929113ad1a2fb76d32b33f3e49b1e056268475a,8,8,0,0,20210903002417.171451_YE_webconnectivity_45671a85bfb837dc,20210903102758.435999_YE_tor_5486a39af041adb7
2021-09-04,data/events/2021/09/2021-09-04.jsonl.gz,f94571df8fe4daa8ff29e3e8973493ff98f2fc13e1c3d9e320ae9254602fc237,1,1,0,0,20210904011713.967004_YE_webconnectivity_e41449babf1f6cb2,20210904011713.967004_YE_webconnectivity_e41449babf1f6cb2
2021-09-06,data/events/2021/09/2021-09-06.jsonl.gz,16ba05222ca0cd3e29b39e162fa516966ba36afbbf97dece3e3f00f673e8ceb4,1,1,0,0,20210906110539.635120_YE_webconnectivity_44c512633ba80fd2,20210906110539.635120_YE_webconnectivity_44c512633ba80fd2
2021-09-07,data/events/2021/09/2021-09-07.jsonl.gz,c94d70ccd067849890775fc65b0a5d49851a2e8b0e0e2b5941f9cfd51c6d1f37,2,2,0,0,20210907130436.919785_YE_webconnectivity_1d38f4dd45b76619,20210907130822.581947_YE_telegram_64e6688660c6fe04
2021-09-10,data/events/2021/09/2021-09-10.jsonl.gz,e327311def30de9d5244a7240f35b71c771a5ff1bc5d9c5239b467e6f6782257,1,1,0,0,20210910114230.877098_YE_webconnectivity_d982065e1e96cddb,20210910114230.877098_YE_webconnectivity_d982065e1e96cddb
2021-09-11,data/events/2021/09/2021-09-11.jsonl.gz,84fa27a040083d72c5b5fcf1f50ed8c240ef083c798eb4126c4703d5c21e2007,1,1,0,0,20210911220221.298646_YE_webconnectivity_e7d85150addc3a82,20210911220221.298646_YE_webconnectivity_e7d85150addc3a82
2021-09-14,data/events/2021/09/2021-09-14.jsonl.gz,858dd4ea3c8219c6cb66e361e447c387cf1abd99b3ee7dec0ad5431f95004f76,1,1,0,0,20210914101528.467670_YE_webconnectivity_3631ae2e4a0bd086,20210914101528.467670_YE_webconnectivity_3631ae2e4a0bd086
2021-09-15,data/events/2021/09/2021-09-15.jsonl.gz,d4a6914c9c2107dff5f96ade5a57681259645f2cf13d1a198f5c826c3d2007b0,5,5,0,0,20210915220749.212415_YE_webconnectivity_bf8aea6f0253d7ed,20210915223100.449280_YE_psiphon_bd644a8681590ffa
2021-09-17,data/events/2021/09/2021-09-17.jsonl.gz,bf77805c426ceecff2954c6d6dc02443f8c46bce2a0e97d56e60349bb5d32f59,6,6,0,0,20210917070900.330493_YE_webconnectivity_f0377b6c1d06b80f,20210917163803.810379_YE_tor_61914cd4e0cd5810
2021-09-19,data/events/2021/09/2021-09-19.jsonl.gz,ea5ed6e95d262ea94427a4901a95aa5ea18ef5a8111bb4ddc428cc452541035d,1,1,0,0,20210919235252.655417_YE_tor_764ba16572aad51d,20210919235252.655417_YE_tor_764ba16572aad51d
2021-09-20,data/events/2021/09/2021-09-20.jsonl.gz,51ece5cdc6245243b106be5c115a2e8016ca20fafb1508ad983f8bf481d23b0e,5,5,0,0,20210920104507.108920_YE_whatsapp_daae8c36907db117,20210920110221.764963_YE_httpinvalidrequestline_29f17f183b5d5f75
2021-09-22,data/events/2021/09/2021-09-22.jsonl.gz,03cdb193f9c4ed1d0b80ed898d4ca41d5a3a947602b7e3951ac8fc9c8b2b8b68,7,7,0,0,20210922111230.033675_YE_webconnectivity_ab12c90db7cbbc48,20220324175859.601862_YE_tor_437f7ccf9432b565
2021-09-23,data/events/2021/09/2021-09-23.jsonl.gz,e9d13722543c3aa830fac80f2a5ed37da1836542dd346f7bccb0fe994d1eb697,1,1,0,0,20210923212405.478081_YE_tor_a05a861d94b000e6,20210923212405.478081_YE_tor_a05a861d94b000e6
2021-09-25,data/events/2021/09/2021-09-25.jsonl.gz,f4ff7e628486264248fe41470a45e0df3f3d06871f9c3da9f30c92b091420bbd,6,6,0,0,20210925002325.928156_YE_webconnectivity_3c2d1e221830eac4,20210925160858.583856_YE_telegram_9271d9749e49935f
2021-09-28,data/events/2021/09/2021-09-28.jsonl.gz,6ec8c0cf72ddbb3575cee5bbe9e78295ea742230b0b8991559040195df646cdb,1,1,0,0,20210928232740.608680_YE_webconnectivity_ed4a41eaf751c756,20210928232740.608680_YE_webconnectivity_ed4a41eaf751c756
2021-10-02,data/events/2021/10/2021-10-02.jsonl.gz,771b4b79e1760c02c3f9e53c97da646276cc03c7d4949407a903706a5b2c249c,4,4,0,0,20211002202815.164973_YE_telegram_3829bcf229a9d1a0,20211002203122.145401_YE_psiphon_719d468bad89e8e5
2021-10-04,data/events/2021/10/2021-10-04.jsonl.gz,571dcdd95f75fba3bfcbea5f3f777cc3fcb3171435e3de6e2e0b2372f89d6685,19,19,0,1,20211004051422.831488_YE_tor_fe636a68c6ef1695,20211004230106.323620_YE_telegram_628daa1f607a5f8b
2021-10-05,data/events/2021/10/2021-10-05.jsonl.gz,a9e10a872f40ae84bc8f4cdffd4e8286381cbbb4691ddc23964cbaa9bd7e5264,5,5,0,0,20211005004044.883095_YE_telegram_ca720550aa01ad78,20211005123406.287115_YE_psiphon_fdb9aff3363749c4
2021-10-07,data/events/2021/10/2021-10-07.jsonl.gz,1c6e6bbda0a2aa1a21b76630839fd9cc5892d6862a9391e43c4102bb95500ed4,1,1,0,0,20211007190730.227023_YE_tor_ebda6121ef63cebc,20211007190730.227023_YE_tor_ebda6121ef63cebc
2021-10-09,data/events/2021/10/2021-10-09.jsonl.gz,b7e02139d8e5f231c422beb468a22139d8df19a824545bf32092785a6324a373,3,3,0,0,20211009171448.303637_YE_telegram_6218d76a088a76c1,20211009172152.178176_YE_webconnectivity_7d1eb089bbd2a9e9
2021-10-13,data/events/2021/10/2021-10-13.jsonl.gz,5c2a26418f17ceb83cfd589118d210b0af9745252b1c302abbf88af55c0dfe22,1,1,0,0,20211013002913.018334_YE_tor_eb51920729a52e99,20211013002913.018334_YE_tor_eb51920729a52e99
2021-10-14,data/events/2021/10/2021-10-14.jsonl.gz,ee38bfb14ca989a4ceb0b94bd638bcdafc5c1aebed7719fe65a2e89c7c1a42a9,1,1,0,0,20211014211434.757876_YE_whatsapp_b87b2e9fb2199d61,20211014211434.757876_YE_whatsapp_b87b2e9fb2199d61
2021-10-15,data/events/2021/10/2021-10-15.jsonl.gz,ba2c19155429f20559b6143118a27c566921660795cd9992daee6a4209eb82a2,2,2,0,0,20211015112333.967319_YE_psiphon_e3c1e33dd26d2e32,20211015113239.836944_YE_tor_72d3f9c8ed8e4cf4
2021-10-25,data/events/2021/10/2021-10-25.jsonl.gz,6e9ed98f72291bc0b99ea157076aabb21927cb98368733fb0f3477477a85e135,2,2,0,0,20211025014106.026449_YE_tor_9328e7f0ed2872ff,20211025014116.373267_YE_riseupvpn_c4e25bbb690e0781
2021-10-31,data/events/2021/10/2021-10-31.jsonl.gz,17f6cc716225bd9c4b0b4aeadb52e446c29993c03294141a67cf2684e3ef1e1f,8,8,0,0,20211031195614.616382_YE_whatsapp_df283cff92011d31,20211031203849.970045_YE_telegram_e8623d68108bb7a5
2021-11-07,data/events/2021/11/2021-11-07.jsonl.gz,2e421c4675b84fd8f7c3d2c520a8e15c802d10c3ae4a6ad6d1a796f35ddede89,9,9,0,0,20211107052447.202912_YE_webconnectivity_3af3c0268298a3c5,20211107102300.885913_YE_tor_29637a64e8c47478
2021-11-10,data/events/2021/11/2021-11-10.jsonl.gz,06f072e45fa447fb224721108e26d274f5e0b19919724debc45fbf1e61716f16,12,12,0,0,20211110174422.925475_YE_webconnectivity_210f931fce139a77,20211110222743.643425_YE_signal_211b917e347a16ab
2021-11-11,data/events/2021/11/2021-11-11.jsonl.gz,aa73aef4dea583b282ffd0c3e61013c306584f615be868902cab5e0b02b7b11a,23,23,0,0,20211111203509.738142_YE_webconnectivity_7e06ba1a7d944379,20211111212445.500326_YE_webconnectivity_11e91eb20ef4baba
2021-11-13,data/events/2021/11/2021-11-13.jsonl.gz,d252a8321d076bcea3c50b2f06c87452a1e949778101ef2fd5f2db96bc8f1fb3,4,4,0,0,20211113125435.593137_YE_webconnectivity_f43fe8af03b32725,20211113125546.204483_YE_webconnectivity_9861031e518f12a5
2021-11-14,data/events/2021/11/2021-11-14.jsonl.gz,b348d6f0f5725c29dc838a9d0a41d9efb83914403185343f724b51dcee3bc4e6,1,1,0,0,20211115000815.079916_YE_tor_ddef48d436000899,20211115000815.079916_YE_tor_ddef48d436000899
2021-11-18,data/events/2021/11/2021-11-18.jsonl.gz,44c752e6a58b7f361db459155f3d71f65d17f798c21d7b257faea8e7700bc1a9,1,1,0,0,20211118210843.823627_YE_telegram_52be2edf2a33b259,20211118210843.823627_YE_telegram_52be2edf2a33b259
2021-11-19,data/events/2021/11/2021-11-19.jsonl.gz,303640b1528f90f477c9b608d372373854e7bd785e892514300feb0fe7be5c0d,3,3,0,0,20211119043707.076182_YE_tor_569b2a4677663386,20211119175439.305024_YE_webconnectivity_5508a593129b5103
2021-11-24,data/events/2021/11/2021-11-24.jsonl.gz,ef06b2b57c0230c9fea23493176631e9a8ec8abcef0c0656c74ce4d5276ba0f3,2,2,0,0,20211124025850.462625_YE_tor_374f3fa324df539f,20211124030229.535714_YE_webconnectivity_70032a6ea0508670
2021-11-25,data/events/2021/11/2021-11-25.jsonl.gz,bcfe2d4ab4690db54da7f7d81077e830b0123457dee206e0b9a1d343f55d2818,1,1,0,0,20211125080305.735800_YE_webconnectivity_e22d4b47e2539813,20211125080305.735800_YE_webconnectivity_e22d4b47e2539813
2021-11-26,data/events/2021/11/2021-11-26.jsonl.gz,d519603e667f908edfc6b788532f45301d354352be1d8677f10164e3d5f72698,1,1,0,0,20211126224730.082816_YE_psiphon_dd21459a5d1a98ad,20211126224730.082816_YE_psiphon_dd21459a5d1a98ad
2021-11-29,data/events/2021/11/2021-11-29.jsonl.gz,75c6a606fef1cef36d9343a190c9192893c8004a5244de1f5d6ebee79ff57df5,3,3,0,0,20211129020704.025916_YE_telegram_530049da77ff3457,20211129021022.770192_YE_webconnectivity_8987b2d05cba6856
2021-12-03,data/events/2021/12/2021-12-03.jsonl.gz,f7938f736373ce4f52cf3ba13bec178c1024625c5bc340bfdec04bac7b71d345,51,51,0,0,20211203155000.608502_YE_psiphon_94f58340351d47c9,20211203214024.968066_YE_webconnectivity_a2ffd105a099695b
2021-12-04,data/events/2021/12/2021-12-04.jsonl.gz,66860e3f7425087a64ac111b257c38c65eeafa377bebd611725ec5e5a319bf1c,4,4,0,0,20211204090728.305222_YE_webconnectivity_2fdffe4cedac524c,20211204225321.528710_YE_tor_f1af57a55a242354
2021-12-05,data/events/2021/12/2021-12-05.jsonl.gz,fdad82069182c8bb6cf3bb03bca7f2270153867ea5f99a1015239b5087106652,1,1,0,0,20211205105532.426077_YE_telegram_15ff490ae382f6cb,20211205105532.426077_YE_telegram_15ff490ae382f6cb
2021-12-07,data/events/2021/12/2021-12-07.jsonl.gz,40e970d64ca4da36c929346f5bd350ca0c08e94a6f90a326486b1b41be04c6a6,58,58,0,0,20211207064944.522276_YE_webconnectivity_c1f304586ffb1f48,20211207075512.378990_YE_webconnectivity_44bd1d34511947a6
2021-12-08,data/events/2021/12/2021-12-08.jsonl.gz,09d0f0da2db2554a3f4aa1b8b535b8a1d338e300b65b468048f4e5718a64c7d9,2,2,0,0,20211208150319.501387_YE_telegram_308f7b024a3a5016,20211208151348.369738_YE_tor_77941b179c1c142c
2021-12-09,data/events/2021/12/2021-12-09.jsonl.gz,9c7f39673268b996910e10c73fd52a21a72a43d24ba08e722de3b45a439a7a0a,4,4,0,0,20211209152821.657778_YE_telegram_d74fec03946264e5,20211209215724.002439_YE_psiphon_0ba7744b19e27138
2021-12-10,data/events/2021/12/2021-12-10.jsonl.gz,fb6b306bfc900568452aaeff4d44d3b7ed5cd843e75ff5b61926a645debc1ebb,1,1,0,0,20211210225941.615878_YE_webconnectivity_276c92de69d83e46,20211210225941.615878_YE_webconnectivity_276c92de69d83e46
2021-12-12,data/events/2021/12/2021-12-12.jsonl.gz,96a5d26f843122900730d2b6ee5f539f71ad944e6f4f36668f1ce3dbbedcb5d8,1,1,0,0,20211212174428.173147_YE_webconnectivity_f6d25938aa69ff8a,20211212174428.173147_YE_webconnectivity_f6d25938aa69ff8a
2021-12-17,data/events/2021/12/2021-12-17.jsonl.gz,daad4ee0382d7700504556712f8adf2ce86178534f15e1345724d0cd04c578fb,2,2,0,0,20211217191221.976805_YE_psiphon_5dacfd61a09e54b7,20211217193014.254885_YE_riseupvpn_9c0ad5f57e6b9da8
2021-12-21,data/events/2021/12/2021-12-21.jsonl.gz,9fefb8005c99bb2926661ccfd07fe2810e71928f666f8248be776b9ee0d82aea,314,314,0,0,20211221042403.765697_YE_webconnectivity_15ad62a92c4cd2bd,20211221125247.294171_YE_webconnectivity_c948c6697b39643b
2021-12-22,data/events/2021/12/2021-12-22.jsonl.gz,12b4ea0a67d03ac2cfa15f527e83699b04e79144123923740027ff2e49ead1b3,274,274,0,0,20211222005510.200548_YE_webconnectivity_40f0e0d1c0d87b30,20211222220213.433923_YE_telegram_cd367144b21d14ca
2021-12-23,data/events/2021/12/2021-12-23.jsonl.gz,99af6fae90ab832308cdb55cf663e811846aa12ebabcc519de9b7bf3ff2b78df,108,108,0,0,20211223031044.165416_YE_webconnectivity_d61391e371695bf9,20211223235317.101378_YE_webconnectivity_610db50629bbf420
2021-12-24,data/events/2021/12/2021-12-24.jsonl.gz,89cf789938bc86b15261562e4bda8bfb5b92f5edd6c7348da851c86cf210cd54,1,1,0,0,20211224134059.099062_YE_webconnectivity_aaad77164479b948,20211224134059.099062_YE_webconnectivity_aaad77164479b948
2021-12-26,data/events/2021/12/2021-12-26.jsonl.gz,14886f40e18ffbb09771c31ef035c3787f52a2a88a497208837e9b6763da978b,2,2,0,0,20211226014634.863526_YE_webconnectivity_7dfa737767a6397a,20211226015008.445835_YE_telegram_eb8b9af66f8a4ff3
2021-12-30,data/events/2021/12/2021-12-30.jsonl.gz,4e5540af22cf2b6cd688ce1d841e3d8bbb71c4992154179f451d886c18617dd0,2,2,0,0,20211230193028.053247_YE_webconnectivity_61cd6729ad117734,20211230193145.636628_YE_webconnectivity_6cddb6e45979ee98
2022-01-03,data/events/2022/01/2022-01-03.jsonl.gz,7f5cfe5c1d289c855a09af40db2b9349d9cbc6ecf9128144e69c69681a69b0df,55,55,0,0,20220103215708.291118_YE_webconnectivity_f677013f9e9dcec1,20220103225229.757402_YE_tor_39ba39aedc123cfc
2022-01-04,data/events/2022/01/2022-01-04.jsonl.gz,df47f74d0db35cdd124bc1ef0998c58dc9532bdfb470dab750965800a90ccfb3,25,25,0,0,20220104045233.527728_YE_webconnectivity_5687c90588ece763,20220104051704.054983_YE_webconnectivity_dbdcbbba118a750e
2022-01-09,data/events/2022/01/2022-01-09.jsonl.gz,b0c03a51f5d38d27035c4d18ac13b7142e879e1ec75a945268c76e1ad7d17492,4,4,0,0,20220109081530.140128_YE_webconnectivity_44dca4a40ed24ee0,20220109093048.592168_YE_webconnectivity_88b03193420db43a
2022-01-13,data/events/2022/01/2022-01-13.jsonl.gz,be2c3dc362e5ffa73f989fb08d8b3a570dbb95d804ea70aec0a9d13e310bcc22,4,4,0,0,20220113091711.971327_YE_telegram_c7fd6171723a9c3d,20220113094943.349503_YE_whatsapp_09bf14ece3d94184
2022-01-17,data/events/2022/01/2022-01-17.jsonl.gz,da25b8303e999c98e5130fec99f864dff8f5e8ff50da1331fd767a404fd62c0d,3,3,0,0,20220117171540.229429_YE_webconnectivity_06addef09f4adc68,20220117225148.069917_YE_webconnectivity_5b574bfb6d98e232
2022-01-18,data/events/2022/01/2022-01-18.jsonl.gz,1192367003bafc12bc54c6507e63693586b4fc72b831cc66d652ebff0672c690,1,1,0,0,20220118222146.809912_YE_telegram_ce1b1d53c34ed7b2,20220118222146.809912_YE_telegram_ce1b1d53c34ed7b2
2022-01-20,data/events/2022/01/2022-01-20.jsonl.gz,fac873f8aa2090526825b3404ba210de3bbbd255aa13dc5e388b92c7c2a9806a,2,2,0,0,20220120072650.438833_YE_webconnectivity_70db62d13bfdae87,20220120072755.195970_YE_webconnectivity_99938d4c6905b832
2022-01-26,data/events/2022/01/2022-01-26.jsonl.gz,c14476429a65fda1c291afa132456776bc4cf0fb7bc34f5614118260c60a56c2,14,14,0,0,20220126141650.738750_YE_webconnectivity_b6e0ce4b7ec50842,20220126203449.805926_YE_webconnectivity_150d43ee0d54f6ae
2022-01-27,data/events/2022/01/2022-01-27.jsonl.gz,bb5ec6a6b509fb0774e86d4dbf2f09f2c30d368ca790a31237f7f7fabf9c1c1e,35,35,0,0,20220127190631.876311_YE_webconnectivity_badd7d08b9f154bc,20220127195659.798010_YE_webconnectivity_5ad49f390b04e463
2022-01-28,data/events/2022/01/2022-01-28.jsonl.gz,920ca736728e1599bcecdab109abffd135a2840cd0d746e2707258896e894b14,15,15,0,0,20220128005138.053133_YE_webconnectivity_92f614c69ce8dbc5,20220128005233.869342_YE_webconnectivity_ecfe97eace45f3b2
2022-01-30,data/events/2022/01/2022-01-30.jsonl.gz,69d83d49252bf20eb5b140a29a0808ae5276e9326550dab6ccdaceb54ef162b1,4,4,0,0,20220130175855.161755_YE_telegram_7b126933c192e203,20220130181215.346942_YE_tor_1a9468f68b1c486b
2022-02-04,data/events/2022/02/2022-02-04.jsonl.gz,37dae571f55bb4976845f3536ee094d180e64ce3ba758cd3942528b85a99eb13,3,3,0,0,20220204232125.294625_YE_telegram_6805ce530d2728a3,20220204234630.444325_YE_tor_c4dbbca9f327b3db
2022-02-11,data/events/2022/02/2022-02-11.jsonl.gz,0edd75de9919326f142fd3a1d986a9022a233081785e29e23f0cc7119e40bb2f,2,2,0,0,20220211131634.020018_YE_telegram_05b049b5bb29e60b,20220211132632.390501_YE_tor_0bb0b7203662b3b5
2022-02-12,data/events/2022/02/2022-02-12.jsonl.gz,e774aa7405a82a2d9be70ef73403a06911a621ded8b237e5f31f1644e99df8cf,1,1,0,0,20220212202058.244948_YE_telegram_23e63958b15d39ac,20220212202058.244948_YE_telegram_23e63958b15d39ac
2022-02-13,data/events/2022/02/2022-02-13.jsonl.gz,2743529c9af9d3c67443a5aac7f81f9cf9444af1d1d5169e8f5575930e4c1cf3,2,2,0,0,20220213100835.396125_YE_telegram_def5868d3242da3b,20220213102506.042759_YE_webconnectivity_27ce1067c4ec43dc
2022-02-17,data/events/2022/02/2022-02-17.jsonl.gz,88c18b86ebba0f686c2738dbcfcb55aeabd837be07039658290b21033d719a0c,255,255,0,0,20220217000344.614422_YE_webconnectivity_069fec1969e3260f,20220217222137.247471_YE_webconnectivity_cbea534b1177d49a
2022-02-18,data/events/2022/02/2022-02-18.jsonl.gz,fa3c8a661a4595c470e0a9b2a553ffe7876c45f66ff14872368a5ae44f7374b4,10,10,0,0,20220218142453.298981_YE_webconnectivity_5eb62910b7f9ec6a,20220218235743.243212_YE_webconnectivity_ed6658b04368d220
2022-02-19,data/events/2022/02/2022-02-19.jsonl.gz,07bc0e95bb36f3e9d607bf1fab51bf62cb9baeb92613d1c2d3d2506656ddd023,183,183,0,0,20220219000633.359884_YE_webconnectivity_1a94e47f7daf8872,20220219191959.425770_YE_webconnectivity_386be630f5addb14
2022-02-21,data/events/2022/02/2022-02-21.jsonl.gz,81b8aef982b2961e971adebe35044520a8c63421cdfcd7199e34675f8d723d04,66,66,0,0,20220221205535.078385_YE_webconnectivity_2ad18f57c4d98f3f,20220221215341.454488_YE_webconnectivity_d3b8a1db30737090
2022-02-23,data/events/2022/02/2022-02-23.jsonl.gz,ba7c20f8b703e2a711df38d6dc3f7f50854455ffd088f16a5faf566c182434d4,1,1,0,0,20220223223021.867708_YE_webconnectivity_1d08cd656bd5111f,20220223223021.867708_YE_webconnectivity_1d08cd656bd5111f
2022-02-24,data/events/2022/02/2022-02-24.jsonl.gz,9842fd8482f2b638712a3e2d46f849e1d73e8499b2917cb3dea37ad3c98cbb47,209,209,0,0,20220224182026.411602_YE_webconnectivity_7fb42b49f4b967bf,20220224222811.856067_YE_webconnectivity_5884dac33ffbb2d9
2022-02-26,data/events/2022/02/2022-02-26.jsonl.gz,b4dbadee90082eb3d32175bc8c18d5b46e55127a5915d72200384f5bcbf2d0de,2,2,0,0,20220226114118.514882_YE_whatsapp_0229babafc1d2474,20220226114256.173202_YE_telegram_63850118ec251e27
2022-03-03,data/events/2022/03/2022-03-03.jsonl.gz,811a338a965d1fc6fb765757eaa08453af6bcb08d9a637068ecf4be252d27ca0,16,16,0,0,20220303054556.929623_YE_webconnectivity_67809f74b8fdc43a,20220303055521.322600_YE_stunreachability_ded674a3a454b4d6
2022-03-05,data/events/2022/03/2022-03-05.jsonl.gz,9c5a2d4923e5fe5de0973663ef5aaec07ec46184fe2d5690b3fdba46d17fc703,61,61,0,0,20220305131448.389223_YE_webconnectivity_a87ec91c597bbf80,20220305184511.900576_YE_tor_c7c93f83ea244c1a
2022-03-06,data/events/2022/03/2022-03-06.jsonl.gz,dfe33c25212fe419dd71fca54a58fdaf92a80dc66d3d903f683de26c02c4479a,5,5,0,0,20220306220234.708196_YE_webconnectivity_d1a0a8c780429d58,20220306220402.339503_YE_webconnectivity_f099f434855e8f57
2022-03-08,data/events/2022/03/2022-03-08.jsonl.gz,6ca82936ddf569aaf3184c17d72e9fe1feec3b49d34822f9a33e0814f6d683a2,9,9,0,0,20220308021834.360882_YE_telegram_004c09570c5af16e,20220407162242.656340_YE_tor_68046ff89d43aa7b
2022-03-09,data/events/2022/03/2022-03-09.jsonl.gz,27657ab57cbb667422e60ed57ebde6d81c9c8ccde7d0da5ce6e546f6c32ebf43,12,12,0,0,20220309041535.859247_YE_webconnectivity_f204c9eb971596fc,20220309145511.719610_YE_torsf_709a08be8853340a
2022-03-12,data/events/2022/03/2022-03-12.jsonl.gz,fe8ebe84eb71a29929803af9597a76e08ee871c7a32845fe7b01fdd5009beda7,2,2,0,0,20220312190853.268906_YE_psiphon_101834d4232408bc,20220312201833.136396_YE_webconnectivity_220ba574521b82f8
2022-03-13,data/events/2022/03/2022-03-13.jsonl.gz,bd6e6a46197f877443497ebf42155a383d21cc787327673a79d2929f29ea3328,1,1,0,0,20220313122024.412301_YE_webconnectivity_5b0f5e5de42599d1,20220313122024.412301_YE_webconnectivity_5b0f5e5de42599d1
2022-03-14,data/events/2022/03/2022-03-14.jsonl.gz,24553defbdccebc286dc4f3f632372ca74b9de9690b840bde4310bdcbf7841b0,94,94,0,0,20220314131307.580871_YE_webconnectivity_86c294f7f29ad42e,20220315124201.492115_YE_telegram_c56cb570c9ee5c75
2022-03-15,data/events/2022/03/2022-03-15.jsonl.gz,783c0321a385d8cf65bcb0e5671d70fdd7462bf8577443d226e8ed157669bd32,50,50,0,0,20220315131434.951153_YE_webconnectivity_c653ed62ddfa7ad8,20220315164106.545888_YE_webconnectivity_1fae385e34ff809a
2022-03-19,data/events/2022/03/2022-03-19.jsonl.gz,1668145efb65897852f621b4f0a091b099719f74b0a1d2b08f2c75212035ffdb,140,140,0,1,20220319104944.786119_YE_webconnectivity_fc7ba0f2306869a0,20220319215952.011573_YE_webconnectivity_0394cc149a49c51f
2022-03-22,data/events/2022/03/2022-03-22.jsonl.gz,114f37258806949c7d12aadf6cb9b108f6c9a9161d10715db23be7e5f12b446c,42,42,0,0,20220322175855.239812_YE_webconnectivity_bf07a003bb6e42dc,20220322220717.573599_YE_webconnectivity_bfa37b2415ee6dd2
2022-03-24,data/events/2022/03/2022-03-24.jsonl.gz,3fc7e9d1af5d86c44f3cd8dc3767fed37e84bbf302f0d92534433f3d3f5020fa,6,6,0,0,20220324174413.423120_YE_whatsapp_9a42b45eb7cb6f1f,20220324175015.699137_YE_stunreachability_5dfbfd55f14f3951
2022-03-27,data/events/2022/03/2022-03-27.jsonl.gz,6c117a7aee8a0c2d1095700ac99fe617f0758bb09156c5f79f7f067486af8690,3,3,0,0,20220327102049.923013_YE_whatsapp_6a90fb641936529d,20220327102440.332720_YE_tor_ce07996bb9dae7c8
2022-04-01,data/events/2022/04/2022-04-01.jsonl.gz,d110f62ef89e63973165df4da5a4d724c7028b97cecb3f35850be46db6a5a9e1,109,109,0,0,20220401194641.694213_YE_webconnectivity_a01309e94b52ba69,20220401211952.536760_YE_webconnectivity_56dcfbba4af3ec95
2022-04-02,data/events/2022/04/2022-04-02.jsonl.gz,9edaad00863b3f0f74a1d142ad4d3435f898f6019ac31ff2e5f9aa96d7ef8bd3,1,1,0,0,20220402214101.480349_YE_tor_abf8ff59aad0d39a,20220402214101.480349_YE_tor_abf8ff59aad0d39a
2022-04-05,data/events/2022/04/2022-04-05.jsonl.gz,fdaabc1617a6194db15b32de79923a891dfb1bb5ccf8a17a2f3d1d5b113e36aa,223,223,0,1,20220405000057.852293_YE_webconnectivity_212664bddcad6e28,20220405174905.324751_YE_webconnectivity_5a2b5f31f23a8519
2022-04-06,data/events/2022/04/2022-04-06.jsonl.gz,1f08a449b570a023152682954e87bb45da211ca93be846d43a830c70e041a9a8,379,379,0,0,20220406014557.175788_YE_webconnectivity_c51a5bce72d3b6a5,20220406193347.170990_YE_webconnectivity_24f3ae39dd0030aa
2022-04-07,data/events/2022/04/2022-04-07.jsonl.gz,a27ccb6d6e99817639d698e597e76e282d0809adab7286e620dc4563d18e3a93,125,125,0,1,20220407113038.138542_YE_webconnectivity_540d26c6b79f7357,20220407193911.593566_YE_webconnectivity_eff9a3aa81b0f3a8
2022-04-08,data/events/2022/04/2022-04-08.jsonl.gz,5a8669be7009c7c227c56c1373a503f3fef070a368b7a2cbfefb866362f7212f,128,128,0,0,20220408112456.207821_YE_webconnectivity_ac2c079a0a1a343b,20221207093811.847647_YE_webconnectivity_baa5cd7fbc252ae7
2022-04-09,data/events/2022/04/2022-04-09.jsonl.gz,4c4a65c66d2f573ac106e36264bbde0a98180bed024a440dcdde9cfedf6ea055,141,141,0,0,20220409192534.882124_YE_webconnectivity_f896f1b00ddad79c,20220409214643.477765_YE_webconnectivity_282d2b03b1e2ccc0
2022-04-10,data/events/2022/04/2022-04-10.jsonl.gz,6ba0b2c055bce58d80f4dde879e1a7b0a7288674e3b390b2adf1ac3582e8f12c,41,41,0,0,20220410121000.745236_YE_webconnectivity_27ea354e68c2400b,20220410125949.222354_YE_webconnectivity_89610ba336b17f41
2022-04-11,data/events/2022/04/2022-04-11.jsonl.gz,fa7b87a198e676556266e59e10e35c998a07865add907785e13d6d99067adfa5,83,83,0,0,20220411004845.933748_YE_webconnectivity_d0ef9a2e3910f539,20220411022658.749420_YE_webconnectivity_62f206add6951461
2022-04-12,data/events/2022/04/2022-04-12.jsonl.gz,abfbd3b327411637e65e4f99c954fe09fdb7586e3a2a72a7a624a6b031852753,34,34,0,0,20220412085652.534567_YE_webconnectivity_84d265a2315aaaf2,20220412222911.382613_YE_torsf_c11a5c9b9a4dd784
2022-04-13,data/events/2022/04/2022-04-13.jsonl.gz,e29a14f35e153e8a8a3d09bec83a4495b91bec0dc6dc7c929e5109ba0a992ca0,80,80,0,0,20220413044754.450295_YE_whatsapp_d25ec1ad96d03166,20220414000036.620141_YE_webconnectivity_25eaba96c5e269c5
2022-04-14,data/events/2022/04/2022-04-14.jsonl.gz,a6081f827419677a56da430542122df54744842921154a04d741e870fdd35669,243,243,0,1,20220414000137.090667_YE_webconnectivity_80c83ad3a4eed136,20220415000054.178173_YE_webconnectivity_cf393a35946c3128
2022-04-15,data/events/2022/04/2022-04-15.jsonl.gz,c4f8137daf2495ba95b52729388e8c6dcd3cf529a336bc7eb0310e0a060f9240,130,130,0,0,20220415000204.552446_YE_webconnectivity_73d4dc60caea0866,20220415233919.516022_YE_webconnectivity_af1fc9e85808640e
2022-04-18,data/events/2022/04/2022-04-18.jsonl.gz,23e5652cc3bdc3875fc097d762fb425c65ea7a2ff29dc4fe1a21b6ccd8256af5,52,52,0,0,20220418080811.173040_YE_webconnectivity_f3530876a5cd7410,20220418195048.950722_YE_stunreachability_be2adfd4c9033cd5
2022-04-19,data/events/2022/04/2022-04-19.jsonl.gz,b8be510ee33510938d2e3adc58351e69f312e9b0dd370476af53e1e096c52507,289,289,0,1,20220419012537.759919_YE_webconnectivity_3dfc97993de4b93d,20220419090020.849774_YE_webconnectivity_4f4dd2c7bed45cee
2022-04-20,data/events/2022/04/2022-04-20.jsonl.gz,4777c44807fea251e875c5cca12e238b092f640c3e1d5a6093d4b0344a7669c5,70,70,0,0,20220420013436.835023_YE_stunreachability_5fcce7e849079e0b,20220420235955.037132_YE_webconnectivity_1c86cee61f9cc2ca
2022-04-21,data/events/2022/04/2022-04-21.jsonl.gz,6cff1f1a61503471bdb0273afbca8f7b54bbf41a0e64b8cd042a14c32aaaee27,118,118,0,0,20220421000054.748620_YE_webconnectivity_45bd7126c2cad5b2,20220421203846.179635_YE_webconnectivity_42ff8f523637ee80
2022-04-22,data/events/2022/04/2022-04-22.jsonl.gz,52dff8fa561d6bdeedd3381fdf86e9e218c4568265ab0870ac6322ec278c36f1,311,311,0,2,20220422063544.450314_YE_webconnectivity_5e1972caf8e44062,20220422233545.734187_YE_webconnectivity_d53d95b5b8229902
2022-04-23,data/events/2022/04/2022-04-23.jsonl.gz,304768cbed99de93833188d95461a477c006b63f27a8b79c53f6e45a44172ca8,175,175,0,0,20220423032958.214603_YE_tor_41fb269831a2bd3d,20220423235357.155150_YE_webconnectivity_f8cb4bee6e4c460e
2022-04-24,data/events/2022/04/2022-04-24.jsonl.gz,a43d59a8bd6815ebbe1b1d2ae97df1581bef717732f86f31c368617bfe8e2418,1,1,0,0,20220424201309.784274_YE_facebookmessenger_fbbd43447032fc52,20220424201309.784274_YE_facebookmessenger_fbbd43447032fc52
2022-04-25,data/events/2022/04/2022-04-25.jsonl.gz,96c22d814ce1342049f76e4bb4b5a78e015c25b4e22a5924eec32278730e7524,206,206,0,0,20220425181240.901599_YE_webconnectivity_f579fe78edc611f2,20220425235806.055882_YE_webconnectivity_dd5a15ea794d8a4e
2022-04-26,data/events/2022/04/2022-04-26.jsonl.gz,aed3e2d81ed0df1476432faebd99c257898500c6b9c316dec55c3824fb030150,7,7,0,0,20220426220539.319491_YE_whatsapp_88e09b45d381d5b8,20220426225205.618892_YE_webconnectivity_b23f092235b01cc2
2022-04-27,data/events/2022/04/2022-04-27.jsonl.gz,26386c48263d49bc473ee1e67235d6a6b4a45522d195cca09397cd4a04aa62c8,54,54,0,0,20220427194932.203649_YE_webconnectivity_33695d41aeab7d36,20220427230302.430774_YE_webconnectivity_0d3963258546e9c0
2022-04-28,data/events/2022/04/2022-04-28.jsonl.gz,a6d6e17772cd8155c607d6e43e764a91e5e4b9bbeb1b14ee5bdd9203a03bee14,211,211,0,0,20220428193648.102096_YE_webconnectivity_b00d0cf1df36975b,20220428233122.808456_YE_webconnectivity_927994415874f992
2022-04-29,data/events/2022/04/2022-04-29.jsonl.gz,f52a49c2ebace07e0536988fc454c665a11a7b8d424a71f8303d0c8858e8d794,159,159,0,0,20220429185636.672924_YE_webconnectivity_269ce7eeb1b4cda8,20220429225743.351115_YE_telegram_9968f8dc1543c6c7
2022-04-30,data/events/2022/04/2022-04-30.jsonl.gz,e417b872594ab1dfe41720cdabad6fce2b21c4362e2e33cc164d594892af41bc,258,258,0,0,20220430140254.907748_YE_webconnectivity_d0a02c4a2bdb398e,20220430204118.461179_YE_webconnectivity_61af32b83a6ea3ff
2022-05-01,data/events/2022/05/2022-05-01.jsonl.gz,3a25e1705df1e2ff3d6598168fb0c1fb119198491cdc4b607f1a12ba1c62e75d,156,156,0,0,20220501084419.617880_YE_webconnectivity_d6ad8ec0526d7a2e,20220501204634.216647_YE_webconnectivity_4222711350ecf1a4
2022-05-02,data/events/2022/05/2022-05-02.jsonl.gz,93c53f281307df18303ed4feaecc6bf035f1d12e67151ed02b6aec040240b6f2,123,123,0,0,20220502174304.326925_YE_webconnectivity_9bb64a4dbbe758f3,20220502222724.258883_YE_webconnectivity_e2b9587da5aad63e
2022-05-03,data/events/2022/05/2022-05-03.jsonl.gz,ef3bb3f5bf33ae39f49ac177c929393a2d4db0f5b11024e855b4fc853ee58691,191,191,0,0,20220503014419.097505_YE_webconnectivity_155a8e1d9008a1bb,20220503214029.851073_YE_webconnectivity_a44d35fe59fe3e1f
2022-05-05,data/events/2022/05/2022-05-05.jsonl.gz,b983e0853146fedde4bc86d1266ddd25fff40e7e8ab09e837ad0672ccceba454,16,16,0,0,20220505083243.032436_YE_webconnectivity_54c3f82f649969ef,20221207093812.484105_YE_webconnectivity_49d02a574935b471
2022-05-06,data/events/2022/05/2022-05-06.jsonl.gz,b3cd0afc0db9f0c95c2815d3e5c4594421cd5db5fc2c5e087b3a391e3b0cd322,459,459,0,1,20220506000205.799740_YE_webconnectivity_9044c110bb427b87,20220506195729.765273_YE_webconnectivity_8e2ddde53e1fcad1
2022-05-07,data/events/2022/05/2022-05-07.jsonl.gz,3332c705c5d1008ee0721ac2912a7cf6a90ba04f513a8cb85d2c368761066ad1,33,33,0,0,20220507191946.566118_YE_webconnectivity_b1d36157e812ecb3,20220507195409.126065_YE_webconnectivity_041b33a25916d87c
2022-05-12,data/events/2022/05/2022-05-12.jsonl.gz,17d604e212316fd85434e247d6e9a659a386fa85529d9af6163d84034e4ad441,57,57,0,0,20220512121050.772223_YE_webconnectivity_4da3ca75aaffd2c9,20220512235809.179992_YE_tor_a83c015e082d307d
2022-05-13,data/events/2022/05/2022-05-13.jsonl.gz,532c5405b380b3fd8d7a2b796abbb75d3f0ccaedeb987497ad9d41d4b8dfb1d0,33,33,0,0,20220513053419.674848_YE_webconnectivity_f0b541a322da23e0,20220513160404.841014_YE_webconnectivity_a41da5f31092fbeb
2022-05-14,data/events/2022/05/2022-05-14.jsonl.gz,f1d4deebcd9b34c13ef2cbf45c7383e3bdbb54d3bb88df2cf340e19f664cac06,51,51,0,0,20220514211601.038559_YE_webconnectivity_c5c6287b151dc34f,20220514224946.722435_YE_webconnectivity_e69c5503ab9344d5
2022-05-15,data/events/2022/05/2022-05-15.jsonl.gz,c432d00a0ffa23ca6b8ea62c0b2f78ffb77c586863c7a5d2cdf59634885686dd,27,27,0,0,20220515203105.158914_YE_webconnectivity_fb31560ae922434e,20220515205742.910656_YE_webconnectivity_d3e488c81837b8de
2022-05-17,data/events/2022/05/2022-05-17.jsonl.gz,576b6a5f88c557738c9812f7e76c781545c5185385cf7c5a01f031f497046ef1,44,44,0,0,20220517202406.037357_YE_webconnectivity_dcb0f6a26b3b40e2,20220517210624.715566_YE_webconnectivity_9bcb98b454da12ee
2022-05-18,data/events/2022/05/2022-05-18.jsonl.gz,8bd2bd1e00427f765f580042d1ca4dbacd063310cb5c3524c1a329bee15d7f96,10,10,0,0,20220518144724.734903_YE_whatsapp_7a0deb1f1579633c,20220518155100.841886_YE_stunreachability_df9d9513bab22bc6
2022-05-19,data/events/2022/05/2022-05-19.jsonl.gz,4930ce5d1a2c76921f8603ae0493c8a2bf5255edfa4261ae4e562c7d198f554c,14,14,0,0,20220519121735.170629_YE_webconnectivity_a41446ff9711cf23,20220519213047.731484_YE_stunreachability_97251715a5aac76a
2022-05-21,data/events/2022/05/2022-05-21.jsonl.gz,dca71f221ab10ef0f5ded6a9c18dbe43cbcbfc310382fba3d11a81c3f85c6400,22,22,0,0,20220521232718.329935_YE_webconnectivity_697e239d6dc985ef,20220521235314.347862_YE_webconnectivity_2f5db403b4029371
2022-05-23,data/events/2022/05/2022-05-23.jsonl.gz,b9af59770e6c516d8539cdc72946e8f4761eb2af9a46d5b9f994d2ecea890bd1,9,9,0,0,20220523024544.658914_YE_whatsapp_0bd7b49cc9f7310a,20220523035241.096086_YE_webconnectivity_e1c49c804b6af188
2022-05-24,data/events/2022/05/2022-05-24.jsonl.gz,5e49eef6c2a6746db54eecb7faaaf28e92600c004f9320741bc106b7df29713e,72,72,0,0,20220524202047.249601_YE_webconnectivity_41c6a6654901b92e,20220524230819.386806_YE_webconnectivity_e6c7d288eb39caf5
2022-05-25,data/events/2022/05/2022-05-25.jsonl.gz,6c1050314ea5356a26e7820c2225604ddebb0a70938b90383c3daaaef114b532,120,120,0,0,20220525152303.297953_YE_webconnectivity_813be6b2cb1c61fd,20220525170549.749199_YE_webconnectivity_208eb8f991487315
2022-05-26,data/events/2022/05/2022-05-26.jsonl.gz,ba760fa06358c0b023f7fc5ab5070532d594751d144b2c7dfdf3c31d4d6e6178,27,27,0,0,20220526215858.190669_YE_webconnectivity_d4d117fef11b742f,20220526222459.888489_YE_webconnectivity_1ba875c51c7ecae6
2022-05-28,data/events/2022/05/2022-05-28.jsonl.gz,e8316005b90c67a79f31c1382d9707593fcd7f8cb17ba10d2658ff8e1a4076a4,68,68,0,0,20220528212531.941711_YE_webconnectivity_e9c3c2fce51fd8bb,20220528225927.091763_YE_torsf_b671450250d1e726
2022-05-31,data/events/2022/05/2022-05-31.jsonl.gz,cfc9120eb8ae772342ddcb24b52d2d58e14daf78de097cf096178ea67014840b,111,111,0,0,20220531025937.867830_YE_webconnectivity_2500e068f2ad7af8,20220531202415.752130_YE_webconnectivity_08cfdd0cb98c0d41
2022-06-02,data/events/2022/06/2022-06-02.jsonl.gz,d982cc5dcf7bf7e5c0aa3689db4364c2630aec1082b2704c64b974ed020456f4,107,107,0,0,20220602054625.094460_YE_webconnectivity_175a986bd855846e,20220602201806.763123_YE_stunreachability_32534a08591d072a
2022-06-03,data/events/2022/06/2022-06-03.jsonl.gz,2e0e7890eed9fc4068d1974046b2c0bf6bebafdbe1c33458e2d5a3ae1b9c2991,61,61,0,0,20220603163722.019112_YE_webconnectivity_e55066f0bdc3fc3a,20220603173434.088880_YE_webconnectivity_fc9cf77bfbb4c4c2
2022-06-04,data/events/2022/06/2022-06-04.jsonl.gz,e8de51dd418ba47f75d120cd0b7f077f196b5b608c297ba5b2b17867a2a2c4c8,175,175,0,0,20220604183255.228630_YE_webconnectivity_8638d6be979e91f6,20220604233442.721199_YE_webconnectivity_2e849c65a44808af
2022-06-05,data/events/2022/06/2022-06-05.jsonl.gz,387b421b7b4202a4c2419147a618568b5b4026ed9a3d4b238640096992b52e48,80,80,0,0,20220605224631.581609_YE_webconnectivity_f982a56f4db88200,20220605235942.219092_YE_webconnectivity_18f8543347d63a63
2022-06-06,data/events/2022/06/2022-06-06.jsonl.gz,75e5d160a4f6471e232ff32c65353eacb196a34c5f27814a385a7de6503c9435,279,279,0,2,20220606000012.933291_YE_webconnectivity_21856c450d3f12a9,20221207093816.842734_YE_tor_d02c95d9b918288c
2022-06-07,data/events/2022/06/2022-06-07.jsonl.gz,d16e97d15e494cd11caa17a1f3de44b230a5db82472e1d576b824b7da328d942,240,240,0,0,20220607000146.282767_YE_webconnectivity_36775d971db440c0,20220607042341.047909_YE_webconnectivity_05b3a46264535626
2022-06-08,data/events/2022/06/2022-06-08.jsonl.gz,d7fcd532269f854746d76a61de0789a22b7fded11f018622131ab05e45c4c78e,5,5,0,0,20220608022635.087582_YE_webconnectivity_ab6e9a8608b66d5f,20220608030043.506856_YE_httpinvalidrequestline_b6a40e09d468ee29
2022-06-09,data/events/2022/06/2022-06-09.jsonl.gz,679a8a867e128b794477fd6af2e939e576ee79ee35741a0fa3c0cc9d9792ed3d,135,135,0,0,20220609204217.386728_YE_webconnectivity_ba8cffc2cda93843,20220609235913.211710_YE_webconnectivity_40b1c879af59a527
2022-06-10,data/events/2022/06/2022-06-10.jsonl.gz,525eb67e4ee9a192ac918a5755017ddf7b14038a051359cde4c9629e92c66c3d,73,73,0,0,20220610000114.315479_YE_webconnectivity_a441d774dda0c0df,20220610194651.083216_YE_webconnectivity_586bf4c8c62e2537
2022-06-11,data/events/2022/06/2022-06-11.jsonl.gz,71f21ec849be0db70a174e97cd848e0fd4e637f0ed14657252b9db5ff9bc4f1d,162,162,0,0,20220611084845.673166_YE_webconnectivity_94e28cdf9e523916,20220611143249.207463_YE_telegram_e53a8e9eee4cefce
2022-06-12,data/events/2022/06/2022-06-12.jsonl.gz,d53553c03f73e1c476aea0368a5d5874dd66ccfd985bcd28453ce927f1368484,165,165,0,0,20220612065754.359714_YE_webconnectivity_f7dedd91b91ef009,20220612171506.715058_YE_webconnectivity_99ef23888e2489e2
2022-06-13,data/events/2022/06/2022-06-13.jsonl.gz,c5ef192c75d1f0cbe686bf9305a4cf3186aa555138b6a18576883269b3b97484,180,180,0,1,20220613173125.973072_YE_webconnectivity_db03ea87d7476afe,20220613232316.014987_YE_webconnectivity_1af8cb54078d6cb6
2022-06-14,data/events/2022/06/2022-06-14.jsonl.gz,414c25fa2f1d38439bcdc4beede8e1f9f945cc234b2b2837971938a6a1075603,73,73,0,0,20220614161446.853597_YE_webconnectivity_3033c1995f228c7a,20220614235004.958384_YE_tor_e82d46912ddb11d0
2022-06-15,data/events/2022/06/2022-06-15.jsonl.gz,6f0ff994055f1d07d4af20dc63f2c7d9d6c815ed395a96330cd53eb064658cbe,79,79,0,0,20220615160756.531042_YE_webconnectivity_72b698c897012926,20220615184602.506658_YE_stunreachability_27a70b798f5bd924
2022-06-16,data/events/2022/06/2022-06-16.jsonl.gz,8696159c952aa98eabda06d749e2c74e63ab024b1610469e1854140bc3b62279,46,46,0,0,20220616181303.991555_YE_webconnectivity_f94c85108ae9a12c,20220616220731.806574_YE_stunreachability_9778dce0043853c5
2022-06-17,data/events/2022/06/2022-06-17.jsonl.gz,aadf6c21aa324d1fd12eefbd4c63114cb5bce0ce928fb0e50a8d7bdc7fa4f1f5,109,109,0,0,20220617102858.466130_YE_webconnectivity_c9d72d5e2fe1724e,20220812011107.121599_YE_webconnectivity_5c8067fcbc7424ec
2022-06-18,data/events/2022/06/2022-06-18.jsonl.gz,1debbcf823a62a04a52d1c28b83b6a5357990b63070a81ae688e065d4bffe145,287,287,0,0,20220618140721.297217_YE_webconnectivity_929eb7717dfe9581,20220618234856.292657_YE_webconnectivity_cdfd73ee5f8994d4
2022-06-19,data/events/2022/06/2022-06-19.jsonl.gz,c530c327592e032661366d21dfbe07aa4b34ccaee9e35827ac60cb2052063cff,112,112,0,0,20220619200731.947518_YE_webconnectivity_7842cf983be1341c,20220619215357.869769_YE_webconnectivity_65ab696cde8ab03c
2022-06-20,data/events/2022/06/2022-06-20.jsonl.gz,5de2101fa6e295fa870de733b3587b95319802b857038fc9609e921cbe291d40,94,94,0,0,20220620125813.562237_YE_webconnectivity_63f517c7fb6bfbee,20220620180847.860159_YE_signal_f6e567b7ee8b1d18
2022-06-21,data/events/2022/06/2022-06-21.jsonl.gz,4b4023acda088223bf3d7c80b6041ea49e01eafc52ecfe9786c1c6edd1723aa4,114,114,0,0,20220621144252.276679_YE_webconnectivity_ab86de9bf9077fe1,20220621222935.182857_YE_tor_48028adef560417d
2022-06-22,data/events/2022/06/2022-06-22.jsonl.gz,738f982f4add8425addaf8ad0b67c96b5db58ae08d47548f19f7f6a1d1776764,42,42,0,0,20220622120342.845442_YE_webconnectivity_fdb67f8d0079e59c,20220622203536.099493_YE_telegram_8156c23f61f260bd
2022-06-23,data/events/2022/06/2022-06-23.jsonl.gz,4122018ab216ff837c4930a788838af904fb7cbbfa9b83133fdd6c3364daf3e9,205,205,0,0,20220623113805.412506_YE_webconnectivity_b0b8599ecfd90379,20220623205817.737609_YE_webconnectivity_215507dba4966f98
2022-06-24,data/events/2022/06/2022-06-24.jsonl.gz,a1e64dd5804ef3638dfb1fff55bf3c6104ae4644cfaf9d17235f8eb486ec531c,121,121,0,0,20220624001753.908639_YE_webconnectivity_99e0fd01472f617d,20220624223859.961916_YE_webconnectivity_fff0e03216570748
2022-06-25,data/events/2022/06/2022-06-25.jsonl.gz,e049a601474bdce1ffbd052729de5337261cef81e969631c6447e369c22743f1,185,185,0,0,20220625142057.360884_YE_webconnectivity_ae6d0aca774796d7,20220625195335.368367_YE_webconnectivity_71274f08fce18a90
2022-06-26,data/events/2022/06/2022-06-26.jsonl.gz,647ac6fbb9506de49629e2a5e0082fbad03644acfe456a08d3ebc2c023484d79,1,1,0,0,20220626221326.812930_YE_webconnectivity_ab69f684b28fb7e0,20220626221326.812930_YE_webconnectivity_ab69f684b28fb7e0
2022-06-27,data/events/2022/06/2022-06-27.jsonl.gz,832e8a4fac58618b7b39c1b3c7086e9ea5cca0d0d70581c4ab80998365ac74db,171,171,0,0,20220627123357.735339_YE_webconnectivity_2da2d745842ff23a,20220627192253.705150_YE_tor_01ff44c691c2d78f
2022-06-28,data/events/2022/06/2022-06-28.jsonl.gz,d7258ba365419ee2bf50f48248a232b8befb675255a57f1369a57f92113cce45,117,117,0,0,20220628053242.798781_YE_webconnectivity_380598a626cf05c0,20220628170413.846851_YE_webconnectivity_23a9fd6dbeb693f9
2022-06-29,data/events/2022/06/2022-06-29.jsonl.gz,948230e2dff626359f74829482841db4d5b4b17ac5fff171f80563dd9c521dba,120,120,0,0,20220629162427.127394_YE_webconnectivity_4457eed4fd1b96d6,20220629203325.513519_YE_webconnectivity_5854ff62f3c7d955
2022-06-30,data/events/2022/06/2022-06-30.jsonl.gz,280003a837b163677c125a4e71187cbde500f1a7bc7d26b8e23be9cf88415f13,131,131,0,0,20220630145741.251033_YE_webconnectivity_bc248deef5afe703,20220630223214.579393_YE_webconnectivity_4cac2e1747c3cbcc
2022-07-01,data/events/2022/07/2022-07-01.jsonl.gz,725d6794f93b4ef9a12c4c3d28ed6a78d89f24e068e4e55d568ab58f91561459,160,160,0,0,20220701142332.991890_YE_webconnectivity_04b905a5090dbe78,20220701172549.469472_YE_tor_89592f38bb391632
2022-07-02,data/events/2022/07/2022-07-02.jsonl.gz,420c095a0c9e03b18500494b8df556ffba1dcdedcb153834e82ab47f739879be,134,134,0,0,20220702132750.802028_YE_webconnectivity_5c0230a85a9a1d2f,20221207093838.526797_YE_signal_e0343c50688aab54
2022-07-03,data/events/2022/07/2022-07-03.jsonl.gz,fbc8334fec3187091a63b23b38003968b4d005ff676115baeca3ba654b408366,107,107,0,0,20220703125724.644767_YE_webconnectivity_d8fda22c0d2e8c0a,20220703191630.286182_YE_webconnectivity_be97d515a088d40a
2022-07-04,data/events/2022/07/2022-07-04.jsonl.gz,8f960b25ff3980f23aa0b2910988a798bdfb1ce18d78d1d0668f59f18fa0fa26,217,217,0,1,20220704105721.549893_YE_webconnectivity_264edda4b1542092,20220704210018.314525_YE_webconnectivity_f3909f5d8d750a77
2022-07-05,data/events/2022/07/2022-07-05.jsonl.gz,420e38b443b148979a74ca2e0f7e3474d3e1b3a12eab145099db4a59d5816c89,89,89,0,0,20220705111929.111040_YE_webconnectivity_bfcec220c17d5327,20220705143017.743631_YE_webconnectivity_ad1e8c194cc43bc6
2022-07-06,data/events/2022/07/2022-07-06.jsonl.gz,cde3a1802e262b07a2c072c9f0f0e7618a51af0055c38166ef8f95151a9bd4c6,59,59,0,0,20220706015827.009773_YE_webconnectivity_0754c530a478c0d3,20220706025553.040188_YE_webconnectivity_120d1a31ad9c042e
2026-08-23,data/events/2026/08/2026-08-23.jsonl.gz,7569f204716c66ebff62786be9be9adb5e09f7980af35531eb4ae0043c1178f0,426,426,0,0,20260823000418.005613_YE_webconnectivity_ce0ec31b526c4b85,20260824000036.276595_YE_webconnectivity_8cc9cf3fdca84cb5
2026-08-24,data/events/2026/08/2026-08-24.jsonl.gz,23caba26dd69cd7d713bb8c00132f2fe9943c21bff8f2fa52fbcb2841f37c068,324,324,0,0,20260824000019.595177_YE_webconnectivity_314e989d3f545303,20260824235807.992178_YE_webconnectivity_51cf4a8442ed0645
2026-08-25,data/events/2026/08/2026-08-25.jsonl.gz,8198382381aa354d1609c8d1b2e6085622c81624af08037658c2ec1a785b9597,341,341,1,1,20260825000532.458680_YE_stunreachability_969b33cfee76b0cc,20260825235821.738272_YE_webconnectivity_f2af9ca68da4e1c9
2026-08-26,data/events/2026/08/2026-08-26.jsonl.gz,c169b6eaf43d17bb68a3dcb82a7a704d8454bbe9a292466495519ba7da31289e,316,316,1,2,20260826002206.748463_YE_webconnectivity_e3b051bb020ca084,20260826174822.849010_YE_webconnectivity_e563b27445541edc
